Movie Title,Year of Release,Duration,Certificate,Genre,Director
Avatar,2009,2h 42min,PG-13,"Action, Adventure, Fantasy",James Cameron
Avengers: Endgame,2019,3h 1min,PG-13,"Action, Adventure, Drama","Anthony Russo, Joe Russo"
Avatar: The Way of Water,2022,3h 12min,PG-13,"Action, Adventure, Fantasy",James Cameron
Titanic,1997,3h 14min,PG-13,"Drama, Romance",James Cameron
Star Wars: Episode VII - The Force Awakens,2015,2h 18min,PG-13,"Action, Adventure, Sci-Fi",J.J. Abrams
Avengers: Infinity War,2018,2h 29min,PG-13,"Action, Adventure, Sci-Fi","Anthony Russo, Joe Russo"
Spider-Man: No Way Home,2021,2h 28min,PG-13,"Action, Adventure, Fantasy",Jon Watts
Jurassic World,2015,2h 4min,PG-13,"Action, Adventure, Sci-Fi",Colin Trevorrow
The Lion King,2019,1h 58min,PG,"Animation, Adventure, Drama",Jon Favreau
The Avengers,2012,2h 23min,PG-13,"Action, Sci-Fi",Joss Whedon
Furious 7,2015,2h 17min,PG-13,"Action, Crime, Thriller",James Wan
Top Gun: Maverick,2022,2h 10min,PG-13,"Action, Drama",Joseph Kosinski
Frozen II,2019,1h 43min,PG,"Animation, Adventure, Comedy","Chris Buck, Jennifer Lee"
Barbie,2023,1h 54min,PG-13,"Adventure, Comedy, Fantasy",Greta Gerwig
Avengers: Age of Ultron,2015,2h 21min,PG-13,"Action, Adventure, Sci-Fi",Joss Whedon
Frozen,2013,1h 42min,PG,"Animation, Adventure, Comedy","Chris Buck, Jennifer Lee"
The Super Mario Bros. Movie,2023,1h 32min,PG,"Animation, Adventure, Comedy","Aaron Horvath, Michael Jelenic, Pierre Leduc"
Harry Potter and the Deathly Hallows: Part 2,2011,2h 10min,PG-13,"Adventure, Family, Fantasy",David Yates
Black Panther,2018,2h 14min,PG-13,"Action, Adventure, Sci-Fi",Ryan Coogler
Star Wars: Episode VIII - The Last Jedi,2017,2h 32min,PG-13,"Action, Adventure, Fantasy",Rian Johnson
Jurassic World: Fallen Kingdom,2018,2h 8min,PG-13,"Action, Adventure, Sci-Fi",J.A. Bayona
Beauty and the Beast,2017,2h 9min,PG,"Adventure, Family, Fantasy",Bill Condon
Incredibles 2,2018,1h 58min,PG,"Animation, Action, Adventure",Brad Bird
The Fate of the Furious,2017,2h 16min,PG-13,"Action, Crime, Thriller",F. Gary Gray
Iron Man 3,2013,2h 10min,PG-13,"Action, Adventure, Sci-Fi",Shane Black
Minions,2015,1h 31min,PG,"Animation, Adventure, Comedy","Kyle Balda, Pierre Coffin"
The Lord of the Rings: The Return of the King,2003,3h 21min,PG-13,"Action, Adventure, Drama",Peter Jackson
Captain America: Civil War,2016,2h 27min,PG-13,"Action, Sci-Fi","Anthony Russo, Joe Russo"
Aquaman,2018,2h 23min,PG-13,"Action, Adventure, Fantasy",James Wan
Skyfall,2012,2h 23min,PG-13,"Action, Adventure, Thriller",Sam Mendes
Spider-Man: Far from Home,2019,2h 9min,PG-13,"Action, Adventure, Comedy",Jon Watts
Captain Marvel,2019,2h 3min,PG-13,"Action, Adventure, Sci-Fi","Anna Boden, Ryan Fleck"
Transformers: Dark of the Moon,2011,2h 34min,PG-13,"Action, Adventure, Sci-Fi",Michael Bay
Jurassic Park,1993,2h 7min,PG-13,"Action, Adventure, Sci-Fi",Steven Spielberg
Transformers: Age of Extinction,2014,2h 45min,PG-13,"Action, Adventure, Sci-Fi",Michael Bay
The Dark Knight Rises,2012,2h 44min,PG-13,"Action, Drama, Thriller",Christopher Nolan
Joker,2019,2h 2min,R,"Crime, Drama, Thriller",Todd Phillips
Star Wars: Episode IX - The Rise of Skywalker,2019,2h 21min,PG-13,"Action, Adventure, Fantasy",J.J. Abrams
Toy Story 4,2019,1h 40min,G,"Animation, Adventure, Comedy",Josh Cooley
Toy Story 3,2010,1h 43min,G,"Animation, Adventure, Comedy",Lee Unkrich
Pirates of the Caribbean: Dead Man's Chest,2006,2h 31min,PG-13,"Action, Adventure, Fantasy",Gore Verbinski
Rogue One: A Star Wars Story,2016,2h 13min,PG-13,"Action, Adventure, Sci-Fi",Gareth Edwards
Aladdin,2019,2h 8min,PG,"Adventure, Comedy, Family",Guy Ritchie
Pirates of the Caribbean: On Stranger Tides,2011,2h 16min,PG-13,"Action, Adventure, Fantasy",Rob Marshall
Despicable Me 3,2017,1h 29min,PG,"Animation, Adventure, Comedy","Kyle Balda, Pierre Coffin, Eric Guillon"
Finding Dory,2016,1h 37min,PG,"Animation, Adventure, Comedy","Andrew Stanton, Angus MacLane"
Star Wars: Episode I - The Phantom Menace,1999,2h 16min,PG,"Action, Adventure, Fantasy",George Lucas
Zootopia,2016,1h 48min,PG,"Animation, Action, Adventure","Byron Howard, Rich Moore, Jared Bush"
Alice in Wonderland,2010,1h 48min,PG,"Adventure, Family, Fantasy",Tim Burton
Harry Potter and the Sorcerer's Stone,2001,2h 32min,PG,"Adventure, Family, Fantasy",Chris Columbus
The Hobbit: An Unexpected Journey,2012,2h 49min,PG-13,"Adventure, Fantasy",Peter Jackson
The Dark Knight,2008,2h 32min,PG-13,"Action, Crime, Drama",Christopher Nolan
Harry Potter and the Order of the Phoenix,2007,2h 18min,PG-13,"Action, Adventure, Family",David Yates
Jurassic World Dominion,2022,2h 27min,PG-13,"Action, Adventure, Sci-Fi",Colin Trevorrow
Jumanji: Welcome to the Jungle,2017,1h 59min,PG-13,"Action, Adventure, Comedy",Jake Kasdan
Despicable Me 2,2013,1h 38min,PG,"Animation, Adventure, Comedy","Pierre Coffin, Chris Renaud"
The Lion King (1994),1994,1h 28min,G,"Animation, Adventure, Drama","Roger Allers, Rob Minkoff"
Oppenheimer,2023,3h,R,"Biography, Drama, History",Christopher Nolan
The Jungle Book,2016,1h 46min,PG,"Animation, Action, Adventure",Jon Favreau
The Hobbit: The Battle of the Five Armies,2014,2h 24min,R,"Adventure, Fantasy",Peter Jackson
Pirates of the Caribbean: At World's End,2007,2h 49min,PG-13,"Action, Adventure, Fantasy",Gore Verbinski
Harry Potter and the Deathly Hallows: Part 1,2010,2h 26min,PG-13,"Adventure, Family, Fantasy",David Yates
The Hobbit: The Desolation of Smaug,2013,2h 41min,PG-13,"Adventure, Drama, Fantasy",Peter Jackson
Doctor Strange in the Multiverse of Madness,2022,2h 6min,PG-13,"Action, Adventure, Fantasy",Sam Raimi
The Lord of the Rings: The Two Towers,2002,2h 59min,PG-13,"Action, Adventure, Drama",Peter Jackson
Finding Nemo,2003,1h 40min,G,"Animation, Adventure, Comedy","Andrew Stanton, Lee Unkrich"
Minions: The Rise of Gru,2022,1h 27min,PG,"Animation, Adventure, Comedy","Kyle Balda, Brad Ableson, Jonathan del Val"
Harry Potter and the Half-Blood Prince,2009,2h 33min,PG,"Action, Adventure, Family",David Yates
Shrek 2,2004,1h 33min,PG,"Animation, Adventure, Comedy","Andrew Adamson, Kelly Asbury, Conrad Vernon"
Bohemian Rhapsody,2018,2h 14min,PG-13,"Biography, Drama, Musical",Bryan Singer
The Battle at Lake Changjin,2021,2h 56min,Not Rated,"Action, Drama, History","Kaige Chen, Dante Lam, Hark Tsui"
Harry Potter and the Goblet of Fire,2005,2h 37min,PG-13,"Adventure, Family, Fantasy",Mike Newell
Spider-Man 3,2007,2h 19min,PG-13,"Action, Adventure, Sci-Fi",Sam Raimi
The Secret Life of Pets,2016,1h 26min,PG,"Animation, Adventure, Comedy",Chris Renaud
Ice Age: Dawn of the Dinosaurs,2009,1h 34min,PG,"Animation, Adventure, Comedy","Carlos Saldanha, Michael Thurmeier"
The Lord of the Rings: The Fellowship of the Ring,2001,2h 58min,PG-13,"Action, Adventure, Drama",Peter Jackson
Harry Potter and the Chamber of Secrets,2002,2h 41min,PG,"Adventure, Family, Fantasy",Chris Columbus
Spectre,2015,2h 28min,PG-13,"Action, Adventure, Thriller",Sam Mendes
Spider-Man: Homecoming,2017,2h 13min,PG-13,"Action, Adventure, Sci-Fi",Jon Watts
Ice Age: Continental Drift,2012,1h 28min,PG,"Animation, Adventure, Comedy","Steve Martino, Michael Thurmeier"
Batman v Superman: Dawn of Justice,2016,2h 31min,R,"Action, Adventure, Sci-Fi",Zack Snyder
Wolf Warrior 2,2017,2h 3min,Not Rated,"Action, Adventure, Drama",Jing Wu
Star Wars: Episode III - Revenge of the Sith,2005,2h 20min,PG-13,"Action, Adventure, Fantasy",George Lucas
The Hunger Games: Catching Fire,2013,2h 26min,PG-13,"Action, Adventure, Sci-Fi",Francis Lawrence
Guardians of the Galaxy Vol. 2,2017,2h 16min,PG-13,"Action, Adventure, Comedy",James Gunn
Black Panther: Wakanda Forever,2022,2h 41min,PG-13,"Action, Adventure, Drama",Ryan Coogler
Inside Out,2015,1h 35min,PG,"Animation, Adventure, Comedy","Pete Docter, Ronnie Del Carmen"
Venom,2018,1h 52min,PG-13,"Action, Adventure, Sci-Fi",Ruben Fleischer
Thor: Ragnarok,2017,2h 10min,PG-13,"Action, Adventure, Comedy",Taika Waititi
The Twilight Saga: Breaking Dawn - Part 2,2012,1h 55min,PG-13,"Adventure, Drama, Fantasy",Bill Condon
Guardians of the Galaxy Vol. 3,,2h 30min,PG-13,"Action, Adventure, Comedy",James Gunn
Inception,2010,2h 28min,PG-13,"Action, Adventure, Sci-Fi",Christopher Nolan
Transformers: Revenge of the Fallen,2009,2h 29min,PG-13,"Action, Adventure, Sci-Fi",Michael Bay
Spider-Man,2002,2h 1min,PG-13,"Action, Adventure, Sci-Fi",Sam Raimi
Wonder Woman,2017,2h 21min,PG-13,"Action, Adventure, Fantasy",Patty Jenkins
"Hi, Mom",2021,2h 8min,N/A,"Comedy, Romance",Ling Jia
Independence Day,1996,2h 25min,PG-13,"Action, Adventure, Sci-Fi",Roland Emmerich
Fantastic Beasts and Where to Find Them,2016,2h 12min,PG-13,"Adventure, Family, Fantasy",David Yates
Coco,2017,1h 45min,PG,"Animation, Adventure, Drama","Lee Unkrich, Adrian Molina"
Shrek the Third,2007,1h 33min,PG,"Animation, Adventure, Comedy","Chris Miller, Raman Hui"
Harry Potter and the Prisoner of Azkaban,2004,2h 22min,PG,"Adventure, Family, Fantasy",Alfonso Cuarón
Jumanji: The Next Level,2019,2h 3min,PG-13,"Action, Adventure, Comedy",Jake Kasdan
Pirates of the Caribbean: Dead Men Tell No Tales,2017,2h 9min,PG-13,"Action, Adventure, Fantasy","Joachim Rønning, Espen Sandberg"
E.T. the Extra-Terrestrial,1982,1h 55min,PG,"Adventure, Family, Sci-Fi",Steven Spielberg
Mission: Impossible - Fallout,2018,2h 27min,PG-13,"Action, Adventure, Thriller",Christopher McQuarrie
2012,2009,2h 38min,PG-13,"Action, Adventure, Sci-Fi",Roland Emmerich
Spider-Man 2,2004,2h 7min,PG-13,"Action, Adventure, Sci-Fi",Sam Raimi
Fast & Furious 6,2013,2h 10min,PG-13,"Action, Crime, Thriller",Justin Lin
Indiana Jones and the Kingdom of the Crystal Skull,2008,2h 2min,PG-13,"Action, Adventure",Steven Spielberg
Deadpool 2,2018,1h 59min,R,"Action, Adventure, Comedy",David Leitch
Deadpool,2016,1h 48min,R,"Action, Comedy",Tim Miller
Star Wars: Episode IV - A New Hope,1977,2h 1min,PG,"Action, Adventure, Fantasy",George Lucas
No Time to Die,2021,2h 43min,PG-13,"Action, Adventure, Thriller",Cary Joji Fukunaga
Guardians of the Galaxy,2014,2h 1min,PG-13,"Action, Adventure, Comedy",James Gunn
Gravity,2013,1h 31min,PG-13,"Drama, Sci-Fi, Thriller",Alfonso Cuarón
The Batman,2022,2h 56min,PG-13,"Action, Crime, Drama",Matt Reeves
Thor: Love and Thunder,2022,1h 58min,PG-13,"Action, Adventure, Comedy",Taika Waititi
Fast & Furious Presents: Hobbs & Shaw,2019,2h 17min,PG-13,"Action, Adventure, Thriller",David Leitch
The Da Vinci Code,2006,2h 29min,PG-13,"Mystery, Thriller",Ron Howard
Maleficent,2014,1h 37min,PG,"Action, Adventure, Drama",Robert Stromberg
The Hunger Games: Mockingjay - Part 1,2014,2h 3min,PG-13,"Action, Adventure, Sci-Fi",Francis Lawrence
The Amazing Spider-Man,2012,2h 16min,PG-13,"Action, Adventure, Sci-Fi",Marc Webb
Shrek Forever After,2010,1h 33min,PG,"Animation, Adventure, Comedy",Mike Mitchell
Suicide Squad,2016,2h 3min,PG-13,"Action, Adventure, Fantasy",David Ayer
Madagascar 3: Europe's Most Wanted,2012,1h 33min,PG,"Animation, Adventure, Comedy","Eric Darnell, Tom McGrath, Conrad Vernon"
X-Men: Days of Future Past,2014,2h 12min,PG-13,"Action, Adventure, Sci-Fi",Bryan Singer
"The Chronicles of Narnia: The Lion, the Witch and the Wardrobe",2005,2h 23min,PG,"Adventure, Family, Fantasy",Andrew Adamson
Monsters University,2013,1h 44min,G,"Animation, Adventure, Comedy",Dan Scanlon
The Matrix Reloaded,2003,2h 18min,R,"Action, Sci-Fi","Lana Wachowski, Lilly Wachowski"
Up,2009,1h 36min,PG,"Animation, Adventure, Comedy","Pete Docter, Bob Peterson"
Interstellar,2014,2h 49min,PG-13,"Adventure, Drama, Sci-Fi",Christopher Nolan
Ne Zha,2019,1h 50min,Not Rated,"Animation, Action, Adventure",Yu Yang
F9: The Fast Saga,2021,2h 23min,PG-13,"Action, Crime, Thriller",Justin Lin
Captain America: The Winter Soldier,2014,2h 16min,PG-13,"Action, Adventure, Sci-Fi","Anthony Russo, Joe Russo"
The Twilight Saga: Breaking Dawn - Part 1,2011,1h 57min,PG-13,"Adventure, Drama, Fantasy",Bill Condon
The Twilight Saga: New Moon,2009,2h 10min,PG-13,"Adventure, Drama, Fantasy",Chris Weitz
Dawn of the Planet of the Apes,2014,2h 10min,PG-13,"Action, Adventure, Drama",Matt Reeves
Transformers,2007,2h 24min,PG-13,"Action, Adventure, Sci-Fi",Michael Bay
The Amazing Spider-Man 2,2014,2h 22min,PG-13,"Action, Adventure, Sci-Fi",Marc Webb
Fast X,2023,2h 21min,PG-13,"Action, Adventure, Crime","Louis Leterrier, Justin Lin"
It,2017,2h 15min,R,"Fantasy, Horror",Andy Muschietti
The Wandering Earth,2019,2h 5min,TV-MA,"Action, Adventure, Sci-Fi",Frant Gwo
The Twilight Saga: Eclipse,2010,2h 4min,PG-13,"Action, Adventure, Drama",David Slade
The Hunger Games,2012,2h 22min,PG-13,"Action, Adventure, Sci-Fi",Gary Ross
Mission: Impossible - Ghost Protocol,2011,2h 12min,PG-13,"Action, Adventure, Thriller",Brad Bird
Mamma Mia!,2008,1h 48min,PG-13,"Comedy, Musical, Romance",Phyllida Lloyd
Spider-Man: Across the Spider-Verse,2023,2h 20min,PG,"Animation, Action, Adventure","Joaquim Dos Santos, Kemp Powers, Justin K. Thompson"
Moana,2016,1h 47min,PG,"Animation, Adventure, Comedy","Ron Clements, John Musker, Don Hall"
Detective Chinatown 3,2021,2h 16min,R,"Action, Adventure, Comedy",Sicheng Chen
Mission: Impossible - Rogue Nation,2015,2h 11min,PG-13,"Action, Adventure, Thriller",Christopher McQuarrie
Forrest Gump,1994,2h 22min,PG-13,"Drama, Romance",Robert Zemeckis
Doctor Strange,2016,1h 55min,PG-13,"Action, Adventure, Fantasy",Scott Derrickson
The Sixth Sense,1999,1h 47min,PG-13,"Drama, Mystery, Thriller",M. Night Shyamalan
Man of Steel,2013,2h 23min,PG-13,"Action, Adventure, Sci-Fi",Zack Snyder
Ice Age: The Meltdown,2006,1h 31min,PG,"Animation, Adventure, Comedy",Carlos Saldanha
Kung Fu Panda 2,2011,1h 30min,PG,"Animation, Action, Adventure",Jennifer Yuh Nelson
The Hunger Games: Mockingjay - Part 2,2015,2h 17min,PG-13,"Action, Adventure, Sci-Fi",Francis Lawrence
Justice League,2017,2h,PG-13,"Action, Adventure, Fantasy",Zack Snyder
Dune: Part Two,2024,2h 46min,PG-13,"Action, Adventure, Drama",Denis Villeneuve
Big Hero 6,2014,1h 42min,PG,"Animation, Action, Adventure","Don Hall, Chris Williams"
Fantastic Beasts: The Crimes of Grindelwald,2018,2h 14min,PG-13,"Adventure, Family, Fantasy",David Yates
Pirates of the Caribbean: The Curse of the Black Pearl,2003,2h 23min,PG-13,"Action, Adventure, Fantasy",Gore Verbinski
Men in Black³,2012,1h 46min,PG-13,"Action, Adventure, Comedy",Barry Sonnenfeld
Star Wars: Episode II - Attack of the Clones,2002,2h 22min,PG,"Action, Adventure, Fantasy",George Lucas
Thor: The Dark World,2013,1h 52min,PG-13,"Action, Adventure, Fantasy",Alan Taylor
Sing,2016,1h 48min,PG,"Animation, Comedy, Family","Garth Jennings, Christophe Lourdelet"
Wonka,2023,1h 56min,PG,"Adventure, Comedy, Family",Paul King
Kung Fu Panda,2008,1h 32min,PG,"Animation, Action, Adventure","Mark Osborne, John Stevenson"
The Incredibles,2004,1h 55min,PG,"Animation, Action, Adventure",Brad Bird
The Martian,2015,2h 24min,PG-13,"Adventure, Drama, Sci-Fi",Ridley Scott
Hancock,2008,1h 32min,R,"Action, Comedy, Drama",Peter Berg
Water Gate Bridge,2022,2h 33min,N/A,"Action, Drama, History","Hark Tsui, Kaige Chen, Dante Lam"
Fast Five,2011,2h 10min,PG-13,"Action, Crime, Thriller",Justin Lin
Iron Man 2,2010,2h 4min,PG-13,"Action, Sci-Fi",Jon Favreau
Ratatouille,2007,1h 51min,G,"Animation, Adventure, Comedy","Brad Bird, Jan Pinkava"
Ant-Man and the Wasp,2018,1h 58min,PG-13,"Action, Adventure, Comedy",Peyton Reed
How to Train Your Dragon 2,2014,1h 42min,PG,"Animation, Action, Adventure",Dean DeBlois
Logan,2017,2h 17min,R,"Action, Drama, Sci-Fi",James Mangold
The Lost World: Jurassic Park,1997,2h 9min,PG-13,"Action, Adventure, Sci-Fi",Steven Spielberg
Casino Royale,2006,2h 24min,PG-13,"Action, Adventure, Thriller",Martin Campbell
The Passion of the Christ,2004,2h 7min,R,Drama,Mel Gibson
Life of Pi,2012,2h 7min,PG,"Adventure, Drama, Fantasy",Ang Lee
Ready Player One,2018,2h 20min,PG-13,"Action, Adventure, Sci-Fi",Steven Spielberg
Transformers: The Last Knight,2017,2h 34min,PG-13,"Action, Adventure, Sci-Fi",Michael Bay
Madagascar: Escape 2 Africa,2008,1h 29min,PG,"Animation, Adventure, Comedy","Eric Darnell, Tom McGrath"
War of the Worlds,2005,1h 56min,PG-13,"Action, Adventure, Sci-Fi",Steven Spielberg
Tangled,2010,1h 40min,PG,"Animation, Adventure, Comedy","Nathan Greno, Byron Howard"
Quantum of Solace,2008,1h 46min,PG-13,"Action, Adventure, Mystery",Marc Forster
Men in Black,1997,1h 38min,PG-13,"Action, Adventure, Comedy",Barry Sonnenfeld
The Croods,2013,1h 38min,PG,"Animation, Adventure, Comedy","Kirk DeMicco, Chris Sanders"
The Hangover Part II,2011,1h 42min,R,Comedy,Todd Phillips
Iron Man,2008,2h 6min,PG-13,"Action, Adventure, Sci-Fi",Jon Favreau
I Am Legend,2007,1h 41min,PG-13,"Action, Drama, Horror",Francis Lawrence
"Monsters, Inc.",2001,1h 32min,G,"Animation, Adventure, Comedy","Pete Docter, David Silverman, Lee Unkrich"
Operation Red Sea,2018,2h 22min,TV-MA,"Action, Drama, Thriller",Dante Lam
Night at the Museum,2006,1h 48min,PG,"Adventure, Comedy, Family",Shawn Levy
Fifty Shades of Grey,2015,2h 5min,R,"Drama, Romance, Thriller",Sam Taylor-Johnson
The Little Mermaid,2023,2h 15min,PG,"Adventure, Family, Fantasy",Rob Marshall
Kong: Skull Island,2017,1h 58min,PG-13,"Action, Adventure, Fantasy",Jordan Vogt-Roberts
Mission: Impossible - Dead Reckoning Part One,2023,2h 43min,PG-13,"Action, Adventure, Thriller",Christopher McQuarrie
The Smurfs,2011,1h 43min,PG,"Animation, Adventure, Comedy",Raja Gosnell
Cars 2,2011,1h 46min,G,"Animation, Adventure, Comedy","John Lasseter, Bradford Lewis"
King Kong,2005,3h 7min,PG-13,"Action, Adventure, Romance",Peter Jackson
Puss in Boots,2011,1h 30min,PG,"Animation, Action, Adventure",Chris Miller
The Mermaid,2016,1h 34min,R,"Comedy, Drama, Fantasy",Stephen Chow
Armageddon,1998,2h 31min,PG-13,"Action, Adventure, Sci-Fi",Michael Bay
The Day After Tomorrow,2004,2h 4min,PG-13,"Action, Adventure, Sci-Fi",Roland Emmerich
Ted,2012,1h 46min,R,Comedy,Seth MacFarlane
American Sniper,2014,2h 13min,R,"Action, Biography, Drama",Clint Eastwood
Mission: Impossible II,2000,2h 3min,PG-13,"Action, Adventure, Thriller",John Woo
Detective Chinatown 2,2018,2h 1min,R,"Action, Comedy, Mystery",Sicheng Chen
X-Men: Apocalypse,2016,2h 24min,PG-13,"Action, Adventure, Sci-Fi",Bryan Singer
Sherlock Holmes: A Game of Shadows,2011,2h 9min,PG-13,"Action, Adventure, Mystery",Guy Ritchie
Despicable Me,2010,1h 35min,PG,"Animation, Adventure, Comedy","Pierre Coffin, Chris Renaud"
Cinderella,2015,1h 45min,PG,"Adventure, Drama, Family",Kenneth Branagh
Madagascar,2005,1h 26min,PG,"Animation, Adventure, Comedy","Eric Darnell, Tom McGrath"
World War Z,2013,1h 56min,PG-13,"Action, Adventure, Horror",Marc Forster
The Grinch,2018,1h 25min,PG,"Animation, Comedy, Drama","Yarrow Cheney, Scott Mosier"
Brave,2012,1h 33min,PG,"Animation, Adventure, Comedy","Mark Andrews, Brenda Chapman, Steve Purcell"
Star Wars: Episode V - The Empire Strikes Back,1980,2h 4min,PG,"Action, Adventure, Fantasy",Irvin Kershner
The Simpsons Movie,2007,1h 27min,PG-13,"Animation, Adventure, Comedy",David Silverman
The Revenant,2015,2h 36min,R,"Action, Adventure, Drama",Alejandro G. Iñárritu
Dunkirk,2017,1h 46min,PG-13,"Action, Drama, History",Christopher Nolan
The Meg,2018,1h 53min,PG-13,"Action, Horror, Sci-Fi",Jon Turteltaub
Ralph Breaks the Internet,2018,1h 52min,PG,"Animation, Adventure, Comedy","Phil Johnston, Rich Moore"
Hotel Transylvania 3: Summer Vacation,2018,1h 37min,PG,"Animation, Adventure, Comedy",Genndy Tartakovsky
The Boss Baby,2017,1h 37min,PG,"Animation, Adventure, Comedy",Tom McGrath
Godzilla,2014,2h 3min,PG-13,"Action, Adventure, Sci-Fi",Gareth Edwards
How to Train Your Dragon: The Hidden World,2019,1h 44min,PG,"Animation, Action, Adventure",Dean DeBlois
Sherlock Holmes,2009,2h 8min,PG-13,"Action, Adventure, Mystery",Guy Ritchie
Meet the Fockers,2004,1h 55min,PG-13,"Comedy, Romance",Jay Roach
WALL·E,2008,1h 38min,G,"Animation, Adventure, Family",Andrew Stanton
Kung Fu Panda 3,2016,1h 35min,PG,"Animation, Action, Adventure","Alessandro Carloni, Jennifer Yuh Nelson"
Terminator 2: Judgment Day,1991,2h 17min,R,"Action, Adventure, Sci-Fi",James Cameron
Ant-Man,2015,1h 57min,PG-13,"Action, Comedy, Sci-Fi",Peyton Reed
Venom: Let There Be Carnage,2021,1h 37min,PG-13,"Action, Sci-Fi, Thriller",Andy Serkis
Ghost,1990,2h 7min,PG-13,"Drama, Fantasy, Romance",Jerry Zucker
Aladdin (1992),1992,1h 30min,G,"Animation, Adventure, Comedy","Ron Clements, John Musker"
Rio 2,2014,1h 41min,G,"Animation, Adventure, Comedy",Carlos Saldanha
Troy,2004,2h 43min,R,"Adventure, Drama",Wolfgang Petersen
Toy Story 2,1999,1h 32min,G,"Animation, Adventure, Comedy","John Lasseter, Ash Brannon, Lee Unkrich"
Elemental,2023,1h 41min,PG,"Animation, Adventure, Comedy",Peter Sohn
How to Train Your Dragon,2010,1h 38min,PG,"Animation, Action, Adventure","Dean DeBlois, Chris Sanders"
Twister,1996,1h 53min,PG-13,"Action, Adventure, Thriller",Jan de Bont
Oz the Great and Powerful,2013,2h 10min,PG,"Adventure, Family, Fantasy",Sam Raimi
Clash of the Titans,2010,1h 46min,PG-13,"Action, Adventure, Fantasy",Louis Leterrier
Maleficent: Mistress of Evil,2019,1h 59min,PG,"Adventure, Family, Fantasy",Joachim Rønning
War for the Planet of the Apes,2017,2h 20min,PG-13,"Action, Adventure, Drama",Matt Reeves
Shrek,2001,1h 30min,PG,"Animation, Adventure, Comedy","Andrew Adamson, Vicky Jenson"
Mr. & Mrs. Smith,2005,2h,PG-13,"Action, Comedy, Crime",Doug Liman
Angels & Demons,2009,2h 18min,PG-13,"Action, Mystery, Thriller",Ron Howard
Teenage Mutant Ninja Turtles,2014,1h 41min,PG-13,"Action, Adventure, Comedy",Jonathan Liebesman
Bruce Almighty,2003,1h 41min,PG-13,"Comedy, Fantasy",Tom Shadyac
The King's Speech,2010,1h 58min,R,"Biography, Drama, History",Tom Hooper
Rio,2011,1h 36min,G,"Animation, Adventure, Comedy",Carlos Saldanha
Saving Private Ryan,1998,2h 49min,R,"Drama, War",Steven Spielberg
Rise of the Planet of the Apes,2011,1h 45min,PG-13,"Action, Drama, Sci-Fi",Rupert Wyatt
Puss in Boots: The Last Wish,2022,1h 42min,PG,"Animation, Action, Adventure","Joel Crawford, Januel Mercado"
Jaws,1975,2h 4min,PG,"Adventure, Mystery, Thriller",Steven Spielberg
Home Alone,1990,1h 43min,PG,"Comedy, Family",Chris Columbus
Ant-Man and the Wasp: Quantumania,2023,2h 4min,PG-13,"Action, Adventure, Comedy",Peyton Reed
Hotel Transylvania 2,2015,1h 29min,PG,"Animation, Adventure, Comedy",Genndy Tartakovsky
Star Wars: Episode VI - Return of the Jedi,1983,2h 11min,PG,"Action, Adventure, Fantasy",Richard Marquand
Charlie and the Chocolate Factory,2005,1h 55min,PG,"Adventure, Comedy, Family",Tim Burton
San Andreas,2015,1h 54min,PG-13,"Action, Adventure, Thriller",Brad Peyton
Indiana Jones and the Last Crusade,1989,2h 7min,PG-13,"Action, Adventure",Steven Spielberg
It Chapter Two,2019,2h 49min,R,"Drama, Fantasy, Horror",Andy Muschietti
La La Land,2016,2h 8min,PG-13,"Comedy, Drama, Musical",Damien Chazelle
Wreck-It Ralph,2012,1h 41min,PG,"Animation, Adventure, Comedy",Rich Moore
The Lego Movie,2014,1h 40min,PG,"Animation, Action, Adventure","Phil Lord, Christopher Miller"
Godzilla vs. Kong,2021,1h 53min,PG-13,"Action, Sci-Fi, Thriller",Adam Wingard
The Hangover,2009,1h 40min,R,Comedy,Todd Phillips
Lucy,2014,1h 29min,R,"Action, Sci-Fi, Thriller",Luc Besson
Bumblebee,2018,1h 54min,PG-13,"Action, Adventure, Sci-Fi",Travis Knight
The Matrix,1999,2h 16min,R,"Action, Sci-Fi","Lana Wachowski, Lilly Wachowski"
Star Trek Into Darkness,2013,2h 12min,PG-13,"Action, Adventure, Sci-Fi",J.J. Abrams
Gladiator,2000,2h 35min,R,"Action, Adventure, Drama",Ridley Scott
Pretty Woman,1990,1h 59min,R,"Comedy, Romance",Garry Marshall
Cars,2006,1h 56min,G,"Animation, Adventure, Comedy","John Lasseter, Joe Ranft"
The Eight Hundred,2020,2h 29min,Not Rated,"Action, Drama, History",Hu Guan
X-Men: The Last Stand,2006,1h 44min,PG-13,"Action, Adventure, Sci-Fi",Brett Ratner
Moon Man,2022,2h 2min,N/A,"Comedy, Sci-Fi",Chiyu Zhang
National Treasure: Book of Secrets,2007,2h 4min,PG,"Action, Adventure, Mystery",Jon Turteltaub
Mission: Impossible,1996,1h 50min,PG-13,"Action, Adventure, Thriller",Brian De Palma
300,2006,1h 57min,R,"Action, Drama",Zack Snyder
The Last Samurai,2003,2h 34min,R,"Action, Drama",Edward Zwick
Demon Slayer: Kimetsu no Yaiba - The Movie: Mugen Train,2020,1h 57min,TV-MA,"Animation, Action, Adventure",Haruo Sotozaki
Dying to Survive,2018,1h 57min,Not Rated,"Comedy, Drama",Muye Wen
Ocean's Eleven,2001,1h 56min,PG-13,"Crime, Thriller",Steven Soderbergh
"My People, My Country",2019,2h 34min,N/A,"Drama, History","Kaige Chen, Hu Guan, Ning Hao"
Pokémon: Detective Pikachu,2019,1h 44min,PG,"Action, Adventure, Comedy",Rob Letterman
Thor,2011,1h 55min,PG-13,"Action, Fantasy",Kenneth Branagh
Pearl Harbor,2001,3h 3min,PG-13,"Action, Drama, Romance",Michael Bay
Tarzan,1999,1h 28min,G,"Animation, Adventure, Comedy","Chris Buck, Kevin Lima"
Men in Black II,2002,1h 28min,PG-13,"Action, Adventure, Comedy",Barry Sonnenfeld
The Bourne Ultimatum,2007,1h 55min,PG-13,"Action, Mystery, Thriller",Paul Greengrass
The Mummy Returns,2001,2h 10min,PG-13,"Action, Adventure, Fantasy",Stephen Sommers
Alvin and the Chipmunks: The Squeakquel,2009,1h 28min,PG,"Adventure, Comedy, Family",Betty Thomas
Les Misérables,2012,2h 38min,PG-13,"Drama, Musical, Romance",Tom Hooper
The Exorcist,1973,2h 2min,R,Horror,William Friedkin
Mrs. Doubtfire,1993,2h 5min,PG-13,"Comedy, Drama",Chris Columbus
Terminator Genisys,2015,2h 6min,PG-13,"Action, Adventure, Sci-Fi",Alan Taylor
John Wick: Chapter 4,2023,2h 49min,R,"Action, Crime, Thriller",Chad Stahelski
Warcraft,2016,2h 3min,PG-13,"Action, Adventure, Fantasy",Duncan Jones
Transformers: Rise of the Beasts,2023,2h 7min,PG-13,"Action, Adventure, Sci-Fi",Steven Caple Jr.
The Greatest Showman,2017,1h 45min,PG,"Biography, Drama, Musical",Michael Gracey
A Star Is Born,2018,2h 16min,R,"Drama, Musical, Romance",Bradley Cooper
Aquaman and the Lost Kingdom,2023,2h 4min,PG-13,"Action, Adventure, Fantasy",James Wan
Terminator 3: Rise of the Machines,2003,1h 49min,R,"Action, Sci-Fi",Jonathan Mostow
Shang-Chi and the Legend of the Ten Rings,2021,2h 12min,PG-13,"Action, Adventure, Fantasy",Destin Daniel Cretton
Die Another Day,2002,2h 13min,PG-13,"Action, Adventure, Thriller",Lee Tamahori
The Secret Life of Pets 2,2019,1h 26min,PG,"Animation, Adventure, Comedy","Chris Renaud, Jonathan del Val"
Cast Away,2000,2h 23min,PG-13,"Adventure, Drama, Romance",Robert Zemeckis
Rampage,2018,1h 47min,PG-13,"Action, Adventure, Sci-Fi",Brad Peyton
The Matrix Revolutions,2003,2h 9min,R,"Action, Sci-Fi","Lana Wachowski, Lilly Wachowski"
The Intouchables,2011,1h 52min,R,"Comedy, Drama","Olivier Nakache, Éric Toledano"
Bad Boys for Life,2020,2h 4min,R,"Action, Comedy, Crime","Adil El Arbi, Bilall Fallah"
Django Unchained,2012,2h 45min,R,"Comedy, Drama, Western",Quentin Tarantino
Beauty and the Beast (1991),1991,1h 24min,G,"Animation, Family, Fantasy","Gary Trousdale, Kirk Wise"
Dances with Wolves,1990,3h 1min,PG-13,"Adventure, Drama, Western",Kevin Costner
"My People, My Homeland",2020,2h 33min,N/A,Drama,"Ning Hao, Sicheng Chen, Chao Deng"
The Chronicles of Narnia: Prince Caspian,2008,2h 30min,PG,"Action, Adventure, Family",Andrew Adamson
Sex and the City,2008,2h 25min,R,"Comedy, Drama, Romance",Michael Patrick King
The Captain,2019,1h 51min,N/A,"Action, Adventure, Drama",Andrew Lau
The Mummy,1999,2h 4min,PG-13,"Action, Adventure, Fantasy",Stephen Sommers
The Chronicles of Narnia: The Voyage of the Dawn Treader,2010,1h 53min,PG,"Adventure, Family, Fantasy",Michael Apted
Jason Bourne,2016,2h 3min,PG-13,"Action, Thriller",Paul Greengrass
The Wolverine,2013,2h 6min,PG-13,"Action, Sci-Fi",James Mangold
Kingsman: The Secret Service,2014,2h 9min,R,"Action, Adventure, Comedy",Matthew Vaughn
Night at the Museum: Battle of the Smithsonian,2009,1h 45min,PG,"Adventure, Comedy, Family",Shawn Levy
Batman,1989,2h 6min,PG-13,"Action, Adventure",Tim Burton
The Bodyguard,1992,2h 9min,R,"Action, Drama, Musical",Mick Jackson
Pacific Rim,2013,2h 11min,PG-13,"Action, Adventure, Sci-Fi",Guillermo del Toro
Kingsman: The Golden Circle,2017,2h 21min,R,"Action, Adventure, Comedy",Matthew Vaughn
Kung Fu Panda 4,2024,1h 34min,PG,"Animation, Action, Adventure","Mike Mitchell, Stephanie Stine"
The Mummy (2017),2017,1h 50min,PG-13,"Action, Adventure, Fantasy",Alex Kurtzman
Ice Age: Collision Course,2016,1h 34min,PG,"Animation, Adventure, Comedy","Michael Thurmeier, Galen T. Chu"
Twilight,2008,2h 2min,PG-13,"Drama, Fantasy, Romance",Catherine Hardwicke
Sing 2,2021,1h 50min,PG,"Animation, Adventure, Comedy","Garth Jennings, Christophe Lourdelet"
Signs,2002,1h 46min,PG-13,"Drama, Mystery, Sci-Fi",M. Night Shyamalan
X2,2003,2h 14min,PG-13,"Action, Sci-Fi, Thriller",Bryan Singer
Dune,2021,2h 35min,PG-13,"Action, Adventure, Drama",Denis Villeneuve
Fantastic Beasts: The Secrets of Dumbledore,2022,2h 22min,PG-13,"Adventure, Family, Fantasy",David Yates
Uncharted,2022,1h 56min,PG-13,"Action, Adventure",Ruben Fleischer
The Wolf of Wall Street,2013,3h,R,"Biography, Comedy, Crime",Martin Scorsese
Sonic the Hedgehog 2,2022,2h 2min,PG,"Action, Adventure, Comedy",Jeff Fowler
Alita: Battle Angel,2019,2h 2min,PG-13,"Action, Adventure, Sci-Fi",Robert Rodriguez
The Mummy: Tomb of the Dragon Emperor,2008,1h 52min,PG-13,"Action, Adventure, Fantasy",Rob Cohen
Prometheus,2012,2h 4min,R,"Adventure, Mystery, Sci-Fi",Ridley Scott
Gone with the Wind,1939,3h 58min,G,"Drama, Romance, War","Victor Fleming, George Cukor, Sam Wood"
Mamma Mia! Here We Go Again,2018,1h 54min,PG-13,"Comedy, Musical, Romance",Ol Parker
Eternals,2021,2h 36min,PG-13,"Action, Adventure, Fantasy",Chloé Zhao
Tron: Legacy,2010,2h 5min,PG,"Action, Adventure, Sci-Fi",Joseph Kosinski
Mission: Impossible III,2006,2h 6min,PG-13,"Action, Adventure, Thriller",J.J. Abrams
Meg 2: The Trench,2023,1h 56min,PG-13,"Action, Adventure, Horror",Ben Wheatley
Snow White and the Huntsman,2012,2h 7min,PG-13,"Action, Adventure, Biography",Rupert Sanders
Grease,1978,1h 50min,PG,"Comedy, Musical, Romance",Randal Kleiser
Toy Story,1995,1h 21min,G,"Animation, Adventure, Comedy",John Lasseter
Black Adam,2022,2h 5min,PG-13,"Action, Adventure, Fantasy",Jaume Collet-Serra
Solo: A Star Wars Story,2018,2h 15min,PG-13,"Action, Adventure, Sci-Fi",Ron Howard
Superman Returns,2006,2h 34min,PG-13,"Action, Adventure, Sci-Fi",Bryan Singer
Robin Hood: Prince of Thieves,1991,2h 23min,PG-13,"Action, Adventure, Drama",Kevin Reynolds
Raiders of the Lost Ark,1981,1h 55min,PG,"Action, Adventure",Steven Spielberg
Independence Day: Resurgence,2016,2h,PG-13,"Action, Adventure, Sci-Fi",Roland Emmerich
Live Free or Die Hard,2007,2h 8min,PG-13,"Action, Thriller",Len Wiseman
Godzilla: King of the Monsters,2019,2h 12min,PG-13,"Action, Adventure, Fantasy",Michael Dougherty
Monster Hunt,2015,1h 57min,TV-Y7,"Adventure, Comedy, Fantasy",Raman Hui
Home,2015,1h 34min,PG,"Animation, Adventure, Comedy",Tim Johnson
Star Trek,2009,2h 7min,PG-13,"Action, Adventure, Sci-Fi",J.J. Abrams
1917,2019,1h 59min,R,"Action, Drama, History",Sam Mendes
Back to the Future,1985,1h 56min,PG,"Adventure, Comedy, Sci-Fi",Robert Zemeckis
Happy Feet,2006,1h 48min,PG,"Animation, Adventure, Comedy","George Miller, Warren Coleman, Judy Morris"
Spider-Man: Into the Spider-Verse,2018,1h 57min,PG,"Animation, Action, Adventure","Bob Persichetti, Peter Ramsey, Rodney Rothman"
Indiana Jones and the Dial of Destiny,2023,2h 34min,PG-13,"Action, Adventure, Sci-Fi",James Mangold
Cars 3,2017,1h 42min,G,"Animation, Adventure, Comedy",Brian Fee
Ice Age,2002,1h 21min,PG,"Animation, Adventure, Comedy","Chris Wedge, Carlos Saldanha"
Your Name.,2016,1h 46min,N/A,"Animation, Drama, Fantasy",Makoto Shinkai
Fifty Shades Darker,2017,1h 58min,R,"Drama, Mystery, Romance",James Foley
Monsters vs. Aliens,2009,1h 34min,PG,"Animation, Action, Adventure","Rob Letterman, Conrad Vernon"
Mad Max: Fury Road,2015,2h,R,"Action, Adventure, Sci-Fi",George Miller
Black Widow,2021,2h 14min,PG-13,"Action, Adventure, Sci-Fi",Cate Shortland
Godzilla (1998),1998,2h 19min,PG-13,"Action, Sci-Fi, Thriller",Roland Emmerich
True Lies,1994,2h 21min,R,"Action, Comedy, Thriller",James Cameron
Slumdog Millionaire,2008,2h,R,"Crime, Drama, Romance","Danny Boyle, Loveleen Tandan"
Once Upon a Time... in Hollywood,2019,2h 41min,R,"Comedy, Drama",Quentin Tarantino
Taken 2,2012,1h 32min,PG-13,"Action, Crime, Thriller",Olivier Megaton
G.I. Joe: Retaliation,2013,1h 50min,PG-13,"Action, Adventure, Sci-Fi",Jon M. Chu
Batman Begins,2005,2h 20min,PG-13,"Action, Crime, Drama",Christopher Nolan
Shark Tale,2004,1h 30min,PG,"Animation, Adventure, Comedy","Bibo Bergeron, Vicky Jenson, Rob Letterman"
What Women Want,2000,2h 7min,PG-13,"Comedy, Fantasy, Romance",Nancy Meyers
The Adventures of Tintin,2011,1h 47min,PG,"Animation, Action, Adventure",Steven Spielberg
Penguins of Madagascar,2014,1h 32min,PG,"Animation, Action, Adventure","Eric Darnell, Simon J. Smith"
X-Men Origins: Wolverine,2009,1h 47min,PG-13,"Action, Sci-Fi",Gavin Hood
The Golden Compass,2007,1h 53min,PG-13,"Adventure, Family, Fantasy",Chris Weitz
Fifty Shades Freed,2018,1h 45min,R,"Drama, Mystery, Romance",James Foley
Hitch,2005,1h 58min,PG-13,"Comedy, Romance",Andy Tennant
Terminator Salvation,2009,1h 55min,PG-13,"Action, Adventure, Sci-Fi",McG
Edge of Tomorrow,2014,1h 53min,PG-13,"Action, Adventure, Sci-Fi",Doug Liman
Captain America: The First Avenger,2011,2h 4min,PG-13,"Action, Adventure, Sci-Fi",Joe Johnston
There's Something About Mary,1998,1h 59min,R,"Comedy, Romance","Bobby Farrelly, Peter Farrelly"
Gone Girl,2014,2h 29min,R,"Drama, Mystery, Thriller",David Fincher
The Fugitive,1993,2h 10min,PG-13,"Action, Crime, Drama",Andrew Davis
Jurassic Park III,2001,1h 32min,PG-13,"Action, Adventure, Sci-Fi",Joe Johnston
My Big Fat Greek Wedding,2002,1h 35min,PG,"Comedy, Drama, Romance",Joel Zwick
Shazam!,2019,2h 12min,PG-13,"Action, Adventure, Comedy",David F. Sandberg
Hello Mr. Billionaire,2018,1h 58min,N/A,Comedy,"Da-Mo Peng, Fei Yan"
Die Hard with a Vengeance,1995,2h 8min,R,"Action, Adventure, Thriller",John McTiernan
The Nun,2018,1h 36min,R,"Horror, Mystery, Thriller",Corin Hardy
Alvin and the Chipmunks,2007,1h 32min,PG,"Adventure, Comedy, Family",Tim Hill
Tenet,2020,2h 30min,PG-13,"Action, Sci-Fi, Thriller",Christopher Nolan
Notting Hill,1999,2h 4min,PG-13,"Comedy, Drama, Romance",Roger Michell
A Bug's Life,1998,1h 35min,G,"Animation, Adventure, Comedy","John Lasseter, Andrew Stanton"
Night at the Museum: Secret of the Tomb,2014,1h 38min,PG,"Adventure, Comedy, Family",Shawn Levy
Ocean's Twelve,2004,2h 5min,PG-13,"Crime, Thriller",Steven Soderbergh
Planet of the Apes,2001,2h,PG-13,"Action, Adventure, Sci-Fi",Tim Burton
The Hangover Part III,2013,1h 40min,R,"Comedy, Crime",Todd Phillips
The World Is Not Enough,1999,2h 8min,PG-13,"Action, Adventure, Thriller",Michael Apted
Monster Hunt 2,2018,1h 50min,Not Rated,"Adventure, Comedy, Fantasy",Raman Hui
Godzilla x Kong: The New Empire,2024,1h 55min,PG-13,"Action, Adventure, Fantasy",Adam Wingard
Fast & Furious,2009,1h 47min,PG-13,"Action, Crime, Thriller",Justin Lin
Noah,2014,2h 18min,PG-13,"Action, Adventure, Drama",Darren Aronofsky
The Karate Kid,2010,2h 20min,PG,"Action, Drama, Family",Harald Zwart
Home Alone 2: Lost in New York,1992,2h,PG,"Adventure, Comedy, Crime",Chris Columbus
Hotel Transylvania,2012,1h 31min,PG,"Animation, Adventure, Comedy",Genndy Tartakovsky
Minority Report,2002,2h 25min,PG-13,"Action, Crime, Mystery",Steven Spielberg
Spirited Away,2001,2h 5min,PG,"Animation, Adventure, Family",Hayao Miyazaki
Top Gun,1986,1h 49min,PG,"Action, Drama",Tony Scott
The Legend of Tarzan,2016,1h 50min,PG-13,"Action, Adventure, Drama",David Yates
American Beauty,1999,2h 2min,R,Drama,Sam Mendes
Apollo 13,1995,2h 20min,PG,"Adventure, Drama, History",Ron Howard
Rain Man,1988,2h 13min,R,Drama,Barry Levinson
The Great Gatsby,2013,2h 23min,PG-13,"Drama, Romance",Baz Luhrmann
Dumbo,2019,1h 52min,PG,"Adventure, Family, Fantasy",Tim Burton
"I, Robot",2004,1h 55min,PG-13,"Action, Mystery, Sci-Fi",Alex Proyas
Basic Instinct,1992,2h 7min,R,"Drama, Mystery, Thriller",Paul Verhoeven
Murder on the Orient Express,2017,1h 54min,PG-13,"Crime, Drama, Mystery",Kenneth Branagh
X-Men: First Class,2011,2h 11min,PG-13,"Action, Sci-Fi",Matthew Vaughn
The Angry Birds Movie,2016,1h 37min,PG,"Animation, Action, Adventure","Clay Kaytis, Fergal Reilly"
GoldenEye,1995,2h 10min,PG-13,"Action, Adventure, Thriller",Martin Campbell
Catch Me If You Can,2002,2h 21min,PG-13,"Biography, Crime, Drama",Steven Spielberg
Now You See Me,2013,1h 55min,PG-13,"Crime, Mystery, Thriller",Louis Leterrier
Hannibal,2001,2h 11min,R,"Crime, Drama, Thriller",Ridley Scott
The Mask,1994,1h 41min,PG-13,"Action, Comedy, Crime",Chuck Russell
Peter Rabbit,2018,1h 35min,PG,"Animation, Adventure, Comedy",Will Gluck
Speed,1994,1h 56min,R,"Action, Adventure, Thriller",Jan de Bont
Dinosaur,2000,1h 22min,PG,"Animation, Adventure, Drama","Eric Leighton, Ralph Zondag"
Mary Poppins Returns,2018,2h 10min,PG,"Adventure, Comedy, Family",Rob Marshall
Deep Impact,1998,2h,PG-13,"Action, Drama, Sci-Fi",Mimi Leder
The Lorax,2012,1h 26min,PG,"Animation, Adventure, Comedy","Chris Renaud, Kyle Balda"
The Maze Runner,2014,1h 53min,PG-13,"Action, Mystery, Sci-Fi",Wes Ball
The Smurfs 2,2013,1h 45min,PG,"Animation, Adventure, Comedy",Raja Gosnell
National Treasure,2004,2h 11min,PG,"Action, Adventure, Mystery",Jon Turteltaub
Trolls,2016,1h 32min,PG,"Animation, Adventure, Comedy","Mike Mitchell, Walt Dohrn"
Rush Hour 2,2001,1h 30min,PG-13,"Action, Comedy, Crime",Brett Ratner
How the Grinch Stole Christmas,2000,1h 44min,PG,"Comedy, Family, Fantasy",Ron Howard
xXx: Return of Xander Cage,2017,1h 47min,PG-13,"Action, Adventure, Thriller",D.J. Caruso
Pocahontas,1995,1h 21min,G,"Animation, Adventure, Drama","Mike Gabriel, Eric Goldberg"
Star Trek Beyond,2016,2h 2min,PG-13,"Action, Adventure, Sci-Fi",Justin Lin
Alvin and the Chipmunks: Chipwrecked,2011,1h 27min,G,"Adventure, Comedy, Family",Mike Mitchell
Wanted,2008,1h 50min,R,"Action, Crime, Thriller",Timur Bekmambetov
The Flintstones,1994,1h 31min,PG,"Comedy, Family, Fantasy",Brian Levant
A Quiet Place,2018,1h 30min,PG-13,"Drama, Horror, Sci-Fi",John Krasinski
Enchanted,2007,1h 47min,PG,"Animation, Adventure, Comedy",Kevin Lima
Over the Hedge,2006,1h 23min,PG,"Animation, Adventure, Comedy","Tim Johnson, Karey Kirkpatrick"
300: Rise of an Empire,2014,1h 42min,R,"Action, Drama",Noam Murro
The Hunger Games: The Ballad of Songbirds & Snakes,2023,2h 37min,PG-13,"Action, Adventure, Drama",Francis Lawrence
Batman Forever,1995,2h 1min,PG-13,"Action, Adventure",Joel Schumacher
Prince of Persia: The Sands of Time,2010,1h 56min,PG-13,"Action, Adventure, Fantasy",Mike Newell
The Curious Case of Benjamin Button,2008,2h 46min,PG-13,"Drama, Fantasy, Romance",David Fincher
Journey 2: The Mysterious Island,2012,1h 34min,PG,"Action, Adventure, Comedy",Brad Peyton
The Rock,1996,2h 16min,R,"Action, Adventure, Thriller",Michael Bay
The Great Wall,2016,1h 43min,PG-13,"Action, Adventure, Fantasy",Yimou Zhang
Now You See Me 2,2016,2h 9min,PG-13,"Action, Adventure, Comedy",Jon M. Chu
Never Say Die,2017,1h 40min,N/A,"Comedy, Fantasy, Sport","Yang Song, Chiyu Zhang"
Bridget Jones's Diary,2001,1h 37min,R,"Comedy, Drama, Romance",Sharon Maguire
Fantastic Four,2005,1h 46min,PG-13,"Action, Adventure, Fantasy",Tim Story
Indiana Jones and the Temple of Doom,1984,1h 58min,PG,"Action, Adventure",Steven Spielberg
Tomorrow Never Dies,1997,1h 59min,PG-13,"Action, Adventure, Thriller",Roger Spottiswoode
Back to the Future Part II,1989,1h 48min,PG,"Adventure, Comedy, Sci-Fi",Robert Zemeckis
The Good Dinosaur,2015,1h 33min,PG,"Animation, Adventure, Comedy",Peter Sohn
Free Guy,2021,1h 55min,PG-13,"Action, Adventure, Comedy",Shawn Levy
22 Jump Street,2014,1h 52min,R,"Action, Comedy, Crime","Phil Lord, Christopher Miller"
Meet the Parents,2000,1h 48min,PG-13,"Comedy, Romance",Jay Roach
Who Framed Roger Rabbit,1988,1h 44min,PG,"Animation, Adventure, Comedy",Robert Zemeckis
Black Swan,2010,1h 48min,R,"Drama, Thriller",Darren Aronofsky
The Perfect Storm,2000,2h 10min,PG-13,"Action, Adventure, Drama",Wolfgang Petersen
John Wick: Chapter 3 - Parabellum,2019,2h 10min,R,"Action, Crime, Thriller",Chad Stahelski
Crocodile Dundee,1986,1h 37min,PG-13,"Action, Adventure, Comedy",Peter Faiman
Crazy Alien,2019,1h 56min,N/A,"Comedy, Sci-Fi",Ning Hao
Se7en,1995,2h 7min,R,"Crime, Drama, Mystery",David Fincher
The Devil Wears Prada,2006,1h 49min,PG-13,"Comedy, Drama",David Frankel
Taken 3,2014,1h 48min,PG-13,"Action, Adventure, Crime",Olivier Megaton
The Hunchback of Notre Dame,1996,1h 31min,G,"Animation, Drama, Family","Gary Trousdale, Kirk Wise"
A Christmas Carol,2009,1h 36min,PG,"Animation, Adventure, Comedy",Robert Zemeckis
The SpongeBob Movie: Sponge Out of Water,2015,1h 32min,PG,"Animation, Adventure, Comedy","Paul Tibbitt, Mike Mitchell"
The Conjuring 2,2016,2h 14min,R,"Horror, Mystery, Thriller",James Wan
Schindler's List,1993,3h 15min,R,"Biography, Drama, History",Steven Spielberg
Megamind,2010,1h 35min,PG,"Animation, Action, Adventure",Tom McGrath
Green Book,2018,2h 10min,PG-13,"Biography, Comedy, Drama",Peter Farrelly
Lethal Weapon 3,1992,1h 58min,R,"Action, Crime, Thriller",Richard Donner
Robin Hood,2010,2h 20min,PG-13,"Action, Adventure, Drama",Ridley Scott
Inglourious Basterds,2009,2h 33min,R,"Adventure, Drama, War",Quentin Tarantino
101 Dalmatians,1996,1h 43min,G,"Adventure, Comedy, Crime",Stephen Herek
The Conjuring,2013,1h 52min,R,"Horror, Mystery, Thriller",James Wan
Fatal Attraction,1987,1h 59min,R,"Drama, Thriller",Adrian Lyne
Sonic the Hedgehog,2020,1h 39min,PG,"Action, Adventure, Comedy",Jeff Fowler
The Last Airbender,2010,1h 43min,PG,"Action, Adventure, Family",M. Night Shyamalan
The Polar Express,2004,1h 40min,G,"Animation, Adventure, Comedy",Robert Zemeckis
The Proposal,2009,1h 48min,PG-13,"Comedy, Drama, Romance",Anne Fletcher
A Beautiful Mind,2001,2h 15min,PG-13,"Biography, Drama, Mystery",Ron Howard
Beverly Hills Cop,1984,1h 45min,R,"Action, Comedy, Crime",Martin Brest
Air Force One,1997,2h 4min,R,"Action, Crime, Drama",Wolfgang Petersen
Wonder,2017,1h 53min,PG,"Drama, Family",Stephen Chbosky
The Expendables 2,2012,1h 43min,R,"Action, Adventure, Thriller",Simon West
Chicken Little,2005,1h 21min,G,"Animation, Adventure, Comedy",Mark Dindal
As Good as It Gets,1997,2h 19min,PG-13,"Comedy, Drama, Romance",James L. Brooks
Austin Powers: The Spy Who Shagged Me,1999,1h 35min,PG-13,"Action, Adventure, Comedy",Jay Roach
Knives Out,2019,2h 10min,PG-13,"Comedy, Crime, Drama",Rian Johnson
The Lego Batman Movie,2017,1h 44min,PG,"Animation, Action, Adventure",Chris McKay
Maze Runner: The Scorch Trials,2015,2h 11min,PG-13,"Action, Adventure, Sci-Fi",Wes Ball
Resident Evil: The Final Chapter,2016,1h 47min,R,"Action, Horror, Sci-Fi",Paul W.S. Anderson
Ocean's Thirteen,2007,2h 2min,PG-13,"Crime, Thriller",Steven Soderbergh
Little Fockers,2010,1h 38min,PG-13,"Comedy, Romance",Paul Weitz
Bolt,2008,1h 36min,PG,"Animation, Adventure, Comedy","Byron Howard, Chris Williams"
Ransom,1996,2h 1min,R,"Action, Crime, Thriller",Ron Howard
Runaway Bride,1999,1h 56min,PG,"Comedy, Romance",Garry Marshall
The Blind Side,2009,2h 9min,PG-13,"Biography, Drama, Sport",John Lee Hancock
The Ex-File 3: Return of the Exes,2017,2h,PG-13,"Comedy, Romance",Yusheng Tian
The Fault in Our Stars,2014,2h 6min,PG-13,"Drama, Romance",Josh Boone
The Pursuit of Happyness,2006,1h 57min,PG-13,"Biography, Drama",Gabriele Muccino
Rise of the Guardians,2012,1h 37min,PG,"Animation, Action, Adventure",Peter Ramsey
Close Encounters of the Third Kind,1977,2h 18min,PG,"Drama, Sci-Fi",Steven Spielberg
Chicago,2002,1h 53min,PG-13,"Comedy, Crime, Musical",Rob Marshall
Annabelle: Creation,2017,1h 49min,R,"Horror, Mystery, Thriller",David F. Sandberg
Bridesmaids,2011,2h 5min,R,Comedy,Paul Feig
Skyscraper,2018,1h 42min,PG-13,"Action, Adventure, Thriller",Rawson Marshall Thurber
A Good Day to Die Hard,2013,1h 38min,R,"Action, Thriller",John Moore
Mulan,1998,1h 27min,G,"Animation, Adventure, Comedy","Tony Bancroft, Barry Cook"
Dangal,2016,2h 41min,Not Rated,"Action, Biography, Drama",Nitesh Tiwari
Passengers,2016,1h 56min,PG-13,"Drama, Romance, Sci-Fi",Morten Tyldum
Battleship,2012,2h 11min,PG-13,"Action, Adventure, Sci-Fi",Peter Berg
Liar Liar,1997,1h 26min,PG-13,"Comedy, Fantasy",Tom Shadyac
G.I. Joe: The Rise of Cobra,2009,1h 58min,PG-13,"Action, Adventure, Sci-Fi",Stephen Sommers
Wrath of the Titans,2012,1h 39min,PG-13,"Action, Adventure, Fantasy",Jonathan Liebesman
Fantastic Four: Rise of the Silver Surfer,2007,1h 32min,PG,"Action, Adventure, Fantasy",Tim Story
Hook,1991,2h 22min,PG,"Adventure, Comedy, Family",Steven Spielberg
Superman,1978,2h 23min,PG,"Action, Adventure, Sci-Fi",Richard Donner
Rocky IV,1985,1h 31min,PG,"Drama, Sport",Sylvester Stallone
Rambo: First Blood Part II,1985,1h 36min,R,"Action, Adventure, Thriller",George P. Cosmatos
Resident Evil: Afterlife,2010,1h 36min,R,"Action, Horror, Sci-Fi",Paul W.S. Anderson
Van Helsing,2004,2h 11min,PG-13,"Action, Adventure, Fantasy",Stephen Sommers
Stuart Little,1999,1h 24min,PG,"Adventure, Comedy, Family",Rob Minkoff
Beverly Hills Cop II,1987,1h 40min,R,"Action, Comedy, Crime",Tony Scott
Alice Through the Looking Glass,2016,1h 53min,PG,"Adventure, Family, Fantasy",James Bobin
My Best Friend's Wedding,1997,1h 45min,PG-13,"Comedy, Drama, Romance",P.J. Hogan
Real Steel,2011,2h 7min,PG-13,"Action, Drama, Sci-Fi",Shawn Levy
Horton Hears a Who!,2008,1h 26min,G,"Animation, Adventure, Comedy","Jimmy Hayward, Steve Martino"
Ocean's Eight,2018,1h 50min,PG-13,"Action, Comedy, Crime",Gary Ross
A Quiet Place Part II,2020,1h 37min,PG-13,"Drama, Horror, Sci-Fi",John Krasinski
The Divergent Series: Insurgent,2015,1h 59min,PG-13,"Action, Adventure, Sci-Fi",Robert Schwentke
Look Who's Talking,1989,1h 33min,PG-13,Comedy,Amy Heckerling
Austin Powers in Goldmember,2002,1h 34min,PG-13,"Action, Adventure, Comedy",Jay Roach
Ghostbusters,1984,1h 45min,PG,"Action, Comedy, Fantasy",Ivan Reitman
Miss Peregrine's Home for Peculiar Children,2016,2h 7min,PG-13,"Adventure, Drama, Family",Tim Burton
X-Men,2000,1h 44min,PG-13,"Action, Adventure, Sci-Fi",Bryan Singer
Ferdinand,2017,1h 48min,PG,"Animation, Adventure, Comedy",Carlos Saldanha
Shutter Island,2010,2h 18min,R,"Drama, Mystery, Thriller",Martin Scorsese
Doctor Dolittle,1998,1h 25min,PG-13,"Comedy, Family, Fantasy",Betty Thomas
Bee Movie,2007,1h 31min,PG,"Animation, Adventure, Comedy","Simon J. Smith, Steve Hickner"
Salt,2010,1h 40min,PG-13,"Action, Thriller",Phillip Noyce
G-Force,2009,1h 28min,PG,"Animation, Action, Adventure",Hoyt Yeatman
Migration,2023,1h 23min,PG,"Animation, Adventure, Comedy","Benjamin Renner, Guylo Homsy"
Five Nights at Freddy's,2023,1h 49min,PG-13,"Horror, Mystery, Thriller",Emma Tammi
The Departed,2006,2h 31min,R,"Crime, Drama, Thriller",Martin Scorsese
What Lies Beneath,2000,2h 10min,PG-13,"Drama, Horror, Mystery",Robert Zemeckis
Pacific Rim: Uprising,2018,1h 51min,PG-13,"Action, Adventure, Sci-Fi",Steven S. DeKnight
The Bourne Supremacy,2004,1h 48min,PG-13,"Action, Mystery, Thriller",Paul Greengrass
Sex and the City 2,2010,2h 26min,R,"Comedy, Drama, Romance",Michael Patrick King
Shakespeare in Love,1998,2h 3min,R,"Comedy, Drama, History",John Madden
Divergent,2014,2h 19min,PG-13,"Action, Adventure, Mystery",Neil Burger
Coming to America,1988,1h 57min,R,"Comedy, Romance",John Landis
Elvis,2022,2h 39min,PG-13,"Biography, Drama, Musical",Baz Luhrmann
Wedding Crashers,2005,1h 59min,R,"Comedy, Romance",David Dobkin
Maze Runner: The Death Cure,2018,2h 23min,PG-13,"Action, Adventure, Sci-Fi",Wes Ball
Casper,1995,1h 40min,PG,"Comedy, Family, Fantasy",Brad Silberling
American Pie 2,2001,1h 48min,R,Comedy,J.B. Rogers
Pitch Perfect 2,2015,1h 55min,PG-13,"Comedy, Musical",Elizabeth Banks
The Green Mile,1999,3h 9min,R,"Crime, Drama, Fantasy",Frank Darabont
Oblivion,2013,2h 4min,PG-13,"Action, Adventure, Sci-Fi",Joseph Kosinski
Elysium,2013,1h 49min,R,"Action, Drama, Sci-Fi",Neill Blomkamp
Lethal Weapon 4,1998,2h 7min,R,"Action, Crime, Thriller",Richard Donner
John Carter,2012,2h 12min,PG-13,"Action, Adventure, Sci-Fi",Andrew Stanton
Turbo,2013,1h 36min,PG,"Animation, Adventure, Comedy",David Soren
Paddington,2014,1h 35min,PG,"Adventure, Comedy, Family",Paul King
The Tourist,2010,1h 43min,PG-13,"Action, Thriller",Florian Henckel von Donnersmarck
Split,2016,1h 57min,PG-13,"Horror, Thriller",M. Night Shyamalan
Scary Movie,2000,1h 28min,R,Comedy,Keenen Ivory Wayans
xXx,2002,2h 4min,PG-13,"Action, Adventure, Thriller",Rob Cohen
Creed III,2023,1h 56min,PG-13,"Action, Drama, Sport",Michael B. Jordan
The Bourne Legacy,2012,2h 15min,PG-13,"Action, Adventure, Thriller",Tony Gilroy
Mr. Peabody & Sherman,2014,1h 32min,PG,"Animation, Adventure, Comedy",Rob Minkoff
Scooby-Doo,2002,1h 26min,PG,"Adventure, Comedy, Family",Raja Gosnell
Lincoln,2012,2h 30min,PG-13,"Biography, Drama, History",Steven Spielberg
Tomb Raider,2018,1h 59min,PG-13,"Action, Adventure, Fantasy",Roar Uthaug
Lara Croft: Tomb Raider,2001,1h 40min,PG-13,"Action, Adventure, Fantasy",Simon West
The Expendables,2010,1h 43min,R,"Action, Adventure, Thriller",Sylvester Stallone
Cloudy with a Chance of Meatballs 2,2013,1h 35min,PG,"Animation, Adventure, Comedy","Cody Cameron, Kris Pearn"
The Nutty Professor,1996,1h 35min,PG-13,"Comedy, Romance, Sci-Fi",Tom Shadyac
Jerry Maguire,1996,2h 19min,R,"Comedy, Drama, Romance",Cameron Crowe
Bad Boys II,2003,2h 27min,R,"Action, Comedy, Crime",Michael Bay
Lilo & Stitch,2002,1h 25min,PG,"Animation, Adventure, Comedy","Dean DeBlois, Chris Sanders"
The Silence of the Lambs,1991,1h 58min,R,"Crime, Drama, Thriller",Jonathan Demme
Grown Ups,2010,1h 42min,PG-13,Comedy,Dennis Dugan
The Flash,2023,2h 24min,PG-13,"Action, Adventure, Fantasy",Andy Muschietti
Neighbors,2014,1h 37min,R,Comedy,Nicholas Stoller
The Firm,1993,2h 34min,R,"Drama, Mystery, Thriller",Sydney Pollack
We're the Millers,2013,1h 50min,R,"Comedy, Crime",Rawson Marshall Thurber
Gran Torino,2008,1h 56min,R,Drama,Clint Eastwood
"10,000 BC",2008,1h 49min,PG-13,"Action, Adventure, Drama",Roland Emmerich
American Gangster,2007,2h 37min,R,"Biography, Crime, Drama",Ridley Scott
The Nun II,2023,1h 50min,R,"Horror, Mystery, Thriller",Michael Chaves
Epic,2013,1h 42min,PG,"Animation, Action, Adventure",Chris Wedge
Exodus: Gods and Kings,2014,2h 30min,PG-13,"Action, Adventure, Drama",Ridley Scott
This Is It,2009,1h 51min,PG,"Documentary, Musical",Kenny Ortega
Blade Runner 2049,2017,2h 44min,R,"Action, Drama, Mystery",Denis Villeneuve
Bambi,1942,1h 9min,Approved,"Animation, Adventure, Drama","James Algar, Samuel Armstrong, David Hand"
The Princess and the Frog,2009,1h 37min,G,"Animation, Adventure, Comedy","Ron Clements, John Musker"
Batman Returns,1992,2h 6min,PG-13,"Action, Crime, Fantasy",Tim Burton
Indecent Proposal,1993,1h 57min,R,"Drama, Romance",Adrian Lyne
Something's Gotta Give,2003,2h 8min,PG-13,"Comedy, Drama, Romance",Nancy Meyers
Bridget Jones: The Edge of Reason,2004,1h 48min,R,"Comedy, Drama, Romance",Beeban Kidron
The Incredible Hulk,2008,1h 52min,PG-13,"Action, Adventure, Sci-Fi",Louis Leterrier
Waterworld,1995,2h 15min,PG-13,"Action, Adventure, Sci-Fi",Kevin Reynolds
The Truman Show,1998,1h 43min,PG,"Comedy, Drama",Peter Weir
Charlie's Angels,2000,1h 38min,PG-13,"Action, Adventure, Comedy",McG
The Fifth Element,1997,2h 6min,PG-13,"Action, Adventure, Sci-Fi",Luc Besson
Jumanji,1995,1h 44min,PG,"Adventure, Comedy, Family",Joe Johnston
Borat,2006,1h 24min,R,Comedy,Larry Charles
Robots,2005,1h 31min,PG,"Animation, Adventure, Comedy","Chris Wedge, Carlos Saldanha"
Parasite,2019,2h 12min,R,"Drama, Thriller",Bong Joon Ho
Knight and Day,2010,1h 49min,PG-13,"Action, Adventure, Comedy",James Mangold
Taylor Swift: The Eras Tour,2023,2h 49min,PG-13,"Documentary, Musical",Sam Wrench
Total Recall,1990,1h 53min,R,"Action, Adventure, Sci-Fi",Paul Verhoeven
Terminator: Dark Fate,2019,2h 8min,R,"Action, Adventure, Sci-Fi",Tim Miller
The Lone Ranger,2013,2h 30min,PG-13,"Action, Adventure, Drama",Gore Verbinski
Super 8,2011,1h 52min,PG-13,"Action, Mystery, Sci-Fi",J.J. Abrams
Halloween,2018,1h 46min,R,"Crime, Drama, Horror",David Gordon Green
Mojin: The Lost Legend,2015,2h 7min,Not Rated,"Action, Adventure, Drama",Wuershan
Charlie's Angels: Full Throttle,2003,1h 46min,PG-13,"Action, Adventure, Comedy",McG
Rush Hour 3,2007,1h 31min,PG-13,"Action, Comedy, Crime",Brett Ratner
The Full Monty,1997,1h 31min,R,"Comedy, Drama",Peter Cattaneo
Kung Fu Yoga,2017,1h 47min,Not Rated,"Action, Adventure, Comedy",Stanley Tong
Annabelle,2014,1h 39min,R,"Horror, Mystery, Thriller",John R. Leonetti
Encanto,2021,1h 42min,PG,"Animation, Comedy, Family","Jared Bush, Byron Howard, Charise Castro Smith"
The Village,2004,1h 48min,PG-13,"Drama, Mystery, Thriller",M. Night Shyamalan
Lost in Hong Kong,2015,1h 54min,Not Rated,"Action, Adventure, Comedy",Zheng Xu
Erin Brockovich,2000,2h 11min,R,"Biography, Drama",Steven Soderbergh
Us,2019,1h 56min,R,"Horror, Mystery, Thriller",Jordan Peele
Pegasus,2019,1h 38min,N/A,"Comedy, Sport",Han Han
Get Out,2017,1h 44min,R,"Horror, Mystery, Thriller",Jordan Peele
Marley & Me,2008,1h 55min,PG,"Drama, Family",David Frankel
Cliffhanger,1993,1h 53min,R,"Action, Adventure, Thriller",Renny Harlin
Wish,2023,1h 35min,PG,"Animation, Adventure, Comedy","Chris Buck, Fawn Veerasunthorn"
Baahubali 2: The Conclusion,2017,2h 47min,Not Rated,"Action, Drama",S.S. Rajamouli
Babe,1995,1h 31min,G,"Comedy, Drama, Family",Chris Noonan
Men in Black: International,2019,1h 54min,PG-13,"Action, Adventure, Comedy",F. Gary Gray
Wild Hogs,2007,1h 40min,PG-13,"Action, Adventure, Comedy",Walt Becker
High School Musical 3: Senior Year,2008,1h 52min,G,"Comedy, Drama, Family",Kenny Ortega
Hercules,1997,1h 33min,G,"Animation, Action, Adventure","Ron Clements, John Musker"
X-Men: Dark Phoenix,2019,1h 53min,PG-13,"Action, Adventure, Sci-Fi",Simon Kinberg
True Grit,2010,1h 50min,PG-13,"Drama, Western","Ethan Coen, Joel Coen"
Dolittle,2020,1h 41min,PG,"Adventure, Comedy, Family",Stephen Gaghan
Bean,1997,1h 29min,PG-13,"Adventure, Comedy, Family",Mel Smith
American Hustle,2013,2h 18min,R,"Crime, Drama",David O. Russell
Enemy of the State,1998,2h 12min,R,"Action, Thriller",Tony Scott
You've Got Mail,1998,1h 59min,PG,"Comedy, Drama, Romance",Nora Ephron
Sound of Freedom,2023,2h 11min,PG-13,"Biography, Crime, Drama",Alejandro Monteverde
Eragon,2006,1h 44min,PG,"Action, Adventure, Family",Stefen Fangmeier
Brother Bear,2003,1h 25min,G,"Animation, Adventure, Comedy","Aaron Blaise, Robert Walker"
The Bad Guys,2022,1h 40min,PG,"Animation, Adventure, Comedy",Pierre Perifel
The Godfather,1972,2h 55min,R,"Crime, Drama",Francis Ford Coppola
The Mask of Zorro,1998,2h 16min,PG-13,"Action, Adventure, Comedy",Martin Campbell
Love Actually,2003,2h 15min,R,"Comedy, Drama, Romance",Richard Curtis
The Ring,2002,1h 55min,PG-13,"Horror, Mystery",Gore Verbinski
The Blair Witch Project,1999,1h 21min,R,"Horror, Mystery","Daniel Myrick, Eduardo Sánchez"
Unbreakable,2000,1h 46min,PG-13,"Drama, Mystery, Sci-Fi",M. Night Shyamalan
Journey to the West: The Demons Strike Back,2017,1h 49min,PG-13,"Adventure, Comedy, Fantasy",Hark Tsui
Dumb and Dumber,1994,1h 47min,PG-13,Comedy,"Peter Farrelly, Bobby Farrelly"
Glass,2019,2h 9min,PG-13,"Drama, Horror, Sci-Fi",M. Night Shyamalan
Grown Ups 2,2013,1h 41min,PG-13,Comedy,Dennis Dugan
The Peanuts Movie,2015,1h 28min,G,"Animation, Adventure, Comedy",Steve Martino
Rango,2011,1h 47min,PG,"Animation, Action, Adventure",Gore Verbinski
Four Weddings and a Funeral,1994,1h 57min,R,"Comedy, Drama, Romance",Mike Newell
Face/Off,1997,2h 18min,R,"Action, Crime, Sci-Fi",John Woo
Teenage Mutant Ninja Turtles: Out of the Shadows,2016,1h 52min,PG-13,"Action, Adventure, Comedy",Dave Green
Dark Shadows,2012,1h 53min,PG-13,"Comedy, Fantasy, Horror",Tim Burton
Hulk,2003,2h 18min,PG-13,"Action, Sci-Fi",Ang Lee
The Bravest,2019,1h 58min,PG-13,"Action, Drama",Tony Chan
Welcome to the Sticks,2008,1h 46min,Not Rated,"Comedy, Romance",Dany Boon
Back to the Future Part III,1990,1h 58min,PG,"Adventure, Comedy, Sci-Fi",Robert Zemeckis
Pixels,2015,1h 45min,PG-13,"Action, Comedy, Fantasy",Chris Columbus
Hercules (2014),2014,1h 38min,PG-13,"Action, Adventure, Fantasy",Brett Ratner
Rush Hour,1998,1h 38min,PG-13,"Action, Comedy, Crime",Brett Ratner
Journey to the Center of the Earth,2008,1h 33min,PG,"Action, Adventure, Family",Eric Brevig
Sully,2016,1h 36min,PG-13,"Biography, Drama",Clint Eastwood
After Earth,2013,1h 40min,PG-13,"Action, Adventure, Sci-Fi",M. Night Shyamalan
A Few Good Men,1992,2h 18min,R,"Drama, Thriller",Rob Reiner
Cloudy with a Chance of Meatballs,2009,1h 30min,PG,"Animation, Adventure, Comedy","Phil Lord, Christopher Miller"
8 Mile,2002,1h 50min,R,"Drama, Musical",Curtis Hanson
Daddy's Home,2015,1h 36min,PG-13,"Comedy, Family",Sean Anders
RoboCop,2014,1h 57min,PG-13,"Action, Crime, Sci-Fi",José Padilha
Eraser,1996,1h 55min,R,"Action, Crime, Thriller",Chuck Russell
Alien: Covenant,2017,2h 2min,R,"Horror, Sci-Fi, Thriller",Ridley Scott
Assassin's Creed,2016,1h 55min,PG-13,"Action, Adventure, Sci-Fi",Justin Kurzel
Click,2006,1h 47min,PG-13,"Comedy, Drama, Fantasy",Frank Coraci
Jiang Ziya,2020,1h 50min,TV-PG,"Animation, Action, Adventure","Teng Cheng, Li Wei"
Planes,2013,1h 31min,PG,"Animation, Adventure, Comedy",Klay Hall
Resident Evil: Retribution,2012,1h 35min,R,"Action, Horror, Sci-Fi",Paul W.S. Anderson
Die Hard 2,1990,2h 4min,R,"Action, Thriller",Renny Harlin
Crocodile Dundee II,1988,1h 48min,PG,"Action, Adventure, Comedy",John Cornell
Crazy Rich Asians,2018,2h,PG-13,"Comedy, Drama, Romance",Jon M. Chu
Bullet Train,2022,2h 7min,R,"Action, Comedy, Thriller",David Leitch
Batman & Robin,1997,2h 5min,PG-13,"Action, Sci-Fi",Joel Schumacher
Howl's Moving Castle,2004,1h 59min,PG,"Animation, Adventure, Family",Hayao Miyazaki
Gulliver's Travels,2010,1h 25min,PG,"Adventure, Comedy, Family",Rob Letterman
Gone in 60 Seconds,2000,1h 58min,PG-13,"Action, Crime, Thriller",Dominic Sena
Green Lantern,2011,1h 54min,PG-13,"Action, Adventure, Sci-Fi",Martin Campbell
Saturday Night Fever,1977,1h 58min,R,"Drama, Musical",John Badham
Silver Linings Playbook,2012,2h 2min,R,"Comedy, Drama, Romance",David O. Russell
2 Fast 2 Furious,2003,1h 47min,PG-13,"Action, Crime, Thriller",John Singleton
Hidden Figures,2016,2h 7min,PG,"Biography, Drama, History",Theodore Melfi
A.I. Artificial Intelligence,2001,2h 26min,PG-13,"Adventure, Drama, Sci-Fi",Steven Spielberg
Dead Poets Society,1989,2h 8min,PG,"Comedy, Drama",Peter Weir
Spy,2015,2h,R,"Action, Comedy",Paul Feig
American Pie,1999,1h 35min,R,Comedy,"Paul Weitz, Chris Weitz"
American Reunion,2012,1h 53min,R,Comedy,"Jon Hurwitz, Hayden Schlossberg"
Big Daddy,1999,1h 33min,PG-13,"Comedy, Drama",Dennis Dugan
Alvin and the Chipmunks: The Road Chip,2015,1h 32min,PG,"Adventure, Comedy, Family",Walt Becker
The Imitation Game,2014,1h 54min,PG-13,"Biography, Drama, Thriller",Morten Tyldum
Cruella,2021,2h 14min,PG-13,"Adventure, Comedy, Crime",Craig Gillespie
The Day the Earth Stood Still,2008,1h 44min,PG-13,"Adventure, Drama, Sci-Fi",Scott Derrickson
American Wedding,2003,1h 36min,R,Comedy,Jesse Dylan
The Girl with the Dragon Tattoo,2011,2h 38min,R,"Crime, Drama, Mystery",David Fincher
Juno,2007,1h 36min,PG-13,"Comedy, Drama",Jason Reitman
Argo,2012,2h,R,"Biography, Drama, History",Ben Affleck
Mr. Bean's Holiday,2007,1h 30min,G,"Comedy, Family",Steve Bendelack
The English Patient,1996,2h 42min,R,"Drama, Romance, War",Anthony Minghella
Sister Act,1992,1h 40min,PG,"Comedy, Family, Musical",Emile Ardolino
Annabelle Comes Home,2019,1h 46min,R,"Horror, Mystery, Thriller",Gary Dauberman
Constantine,2005,2h 1min,R,"Action, Fantasy, Horror",Francis Lawrence
Get Smart,2008,1h 50min,PG-13,"Action, Adventure, Comedy",Peter Segal
Space Jam,1996,1h 28min,PG,"Animation, Adventure, Comedy",Joe Pytka
Life Is Beautiful,1997,1h 56min,PG-13,"Comedy, Drama, Romance",Roberto Benigni
The Heat,2013,1h 57min,R,"Action, Comedy, Crime",Paul Feig
Ghostbusters (2016),2016,1h 57min,PG-13,"Action, Comedy, Fantasy",Paul Feig
Elf,2003,1h 37min,PG,"Adventure, Comedy, Family",Jon Favreau
Ghost Rider,2007,1h 50min,PG-13,"Action, Fantasy, Thriller",Mark Steven Johnson
Goodbye Mr. Loser,2015,1h 44min,N/A,"Comedy, Drama, Fantasy","Da-Mo Peng, Fei Yan"
Sleepless in Seattle,1993,1h 45min,PG,"Comedy, Drama, Romance",Nora Ephron
Lethal Weapon 2,1989,1h 54min,R,"Action, Crime, Thriller",Richard Donner
The Green Hornet,2011,1h 59min,PG-13,"Action, Comedy, Crime",Michel Gondry
Out of Africa,1985,2h 41min,PG,"Biography, Drama, Romance",Sydney Pollack
Paddington 2,2017,1h 43min,PG,"Adventure, Comedy, Family",Paul King
Youth,2017,2h 15min,Not Rated,"Drama, Romance, War",Xiaogang Feng
Baby Driver,2017,1h 53min,R,"Action, Crime, Drama",Edgar Wright
Immortals,2011,1h 50min,R,"Action, Drama, Fantasy",Tarsem Singh
Taken,2008,1h 30min,PG-13,"Action, Crime, Thriller",Pierre Morel
Percy Jackson & the Olympians: The Lightning Thief,2010,1h 58min,PG,"Adventure, Family, Fantasy",Chris Columbus
Lightyear,2022,1h 45min,PG,"Animation, Action, Adventure",Angus MacLane
Hansel & Gretel: Witch Hunters,2013,1h 28min,R,"Action, Fantasy, Horror",Tommy Wirkola
Valerian and the City of a Thousand Planets,2017,2h 16min,PG-13,"Action, Adventure, Fantasy",Luc Besson
Good Will Hunting,1997,2h 6min,R,"Drama, Romance",Gus Van Sant
Better Days,2019,2h 15min,N/A,"Crime, Drama, Romance",Derek Tsang
Ford v Ferrari,2019,2h 32min,PG-13,"Action, Biography, Drama",James Mangold
Jumper,2008,1h 28min,PG-13,"Action, Adventure, Sci-Fi",Doug Liman
The Social Network,2010,2h,PG-13,"Biography, Drama",David Fincher
Chicken Run,2000,1h 24min,G,"Animation, Adventure, Comedy","Peter Lord, Nick Park"
Con Air,1997,1h 55min,R,"Action, Crime, Thriller",Simon West
Interview with the Vampire: The Vampire Chronicles,1994,2h 3min,R,"Drama, Fantasy, Horror",Neil Jordan
Flightplan,2005,1h 38min,PG-13,"Drama, Mystery, Thriller",Robert Schwentke
Yes Man,2008,1h 44min,PG-13,"Comedy, Romance",Peyton Reed
Non-Stop,2014,1h 46min,PG-13,"Action, Mystery, Thriller",Jaume Collet-Serra
"Honey, I Shrunk the Kids",1989,1h 33min,PG,"Adventure, Comedy, Family",Joe Johnston
Fahrenheit 9/11,2004,2h 2min,R,"Documentary, Drama, War",Michael Moore
Wild Wild West,1999,1h 46min,PG-13,"Action, Comedy, Sci-Fi",Barry Sonnenfeld
Geostorm,2017,1h 49min,PG-13,"Action, Sci-Fi, Thriller",Dean Devlin
"My Country, My Parents",2021,2h 37min,Not Rated,Drama,"Teng Shen, Jing Wu, Zheng Xu"
Presumed Innocent,1990,2h 7min,R,"Mystery, Thriller",Alan J. Pakula
Napoleon,2023,2h 38min,R,"Action, Adventure, Biography",Ridley Scott
Jungle Cruise,2021,2h 7min,PG-13,"Action, Adventure, Comedy",Jaume Collet-Serra
Scary Movie 3,2003,1h 24min,PG-13,Comedy,David Zucker
Collateral,2004,2h,R,"Action, Crime, Drama",Michael Mann
Inferno,2016,2h 1min,PG-13,"Action, Adventure, Crime",Ron Howard
Knocked Up,2007,2h 9min,R,"Comedy, Romance",Judd Apatow
What Happens in Vegas,2008,1h 39min,PG-13,"Comedy, Romance",Tom Vaughan
It's Complicated,2009,2h,R,"Comedy, Drama, Romance",Nancy Meyers
The Terminal,2004,2h 8min,PG-13,"Comedy, Drama, Romance",Steven Spielberg
Little Women,2019,2h 15min,PG,"Drama, Romance",Greta Gerwig
Captain Phillips,2013,2h 14min,PG-13,"Action, Biography, Crime",Paul Greengrass
The Prince of Egypt,1998,1h 39min,PG,"Animation, Adventure, Drama","Brenda Chapman, Steve Hickner, Simon Wells"
Jack Reacher,2012,2h 10min,PG-13,"Action, Mystery, Thriller",Christopher McQuarrie
Kingdom of Heaven,2005,2h 24min,R,"Action, Adventure, Drama",Ridley Scott
Smallfoot,2018,1h 36min,PG,"Animation, Adventure, Comedy","Karey Kirkpatrick, Jason Reisig"
The Emoji Movie,2017,1h 26min,PG,"Animation, Adventure, Comedy",Tony Leondis
Anyone But You,2023,1h 43min,R,"Comedy, Romance",Will Gluck
Smile,2022,1h 55min,R,"Horror, Mystery, Thriller",Parker Finn
Too Cool to Kill,2022,1h 49min,N/A,Comedy,"Wenxiong Xing, Ru Qian"
Dracula Untold,2014,1h 32min,PG-13,"Action, Drama, Fantasy",Gary Shore
Central Intelligence,2016,1h 47min,PG-13,"Action, Comedy, Crime",Rawson Marshall Thurber
Million Dollar Baby,2004,2h 12min,PG-13,"Drama, Sport",Clint Eastwood
The Help,2011,2h 26min,PG-13,Drama,Tate Taylor
Twins,1988,1h 47min,PG,"Comedy, Crime",Ivan Reitman
Valentine's Day,2010,2h 5min,PG-13,"Comedy, Romance",Garry Marshall
Superman II,1980,2h 7min,PG,"Action, Adventure, Sci-Fi",Richard Lester
Bad Teacher,2011,1h 32min,R,"Comedy, Romance",Jake Kasdan
A Little Red Flower,2020,2h 2min,N/A,"Drama, Family",Yan Han
The Croods: A New Age,2020,1h 35min,PG,"Animation, Adventure, Comedy",Joel Crawford
Clear and Present Danger,1994,2h 21min,PG-13,"Action, Crime, Drama",Phillip Noyce
One Hundred and One Dalmatians,1961,1h 19min,G,"Animation, Adventure, Comedy","Clyde Geronimi, Hamilton Luske, Wolfgang Reitherman"
Ted 2,2015,1h 55min,R,Comedy,Seth MacFarlane
Bram Stoker's Dracula,1992,2h 8min,R,"Fantasy, Horror, Romance",Francis Ford Coppola
Vertical Limit,2000,2h 4min,PG-13,"Action, Adventure, Drama",Martin Campbell
Ghostbusters II,1989,1h 48min,PG,"Action, Comedy, Fantasy",Ivan Reitman
The Patriot,2000,2h 45min,R,"Action, Drama, History",Roland Emmerich
The Sorcerer's Apprentice,2010,1h 49min,PG,"Action, Adventure, Family",Jon Turteltaub
Just Go with It,2011,1h 57min,PG-13,"Comedy, Romance",Dennis Dugan
The Expendables 3,2014,2h 6min,PG-13,"Action, Adventure, Thriller",Patrick Hughes
Dirty Dancing,1987,1h 40min,PG-13,"Drama, Musical, Romance",Emile Ardolino
Creed II,2018,2h 10min,PG-13,"Action, Drama, Sport",Steven Caple Jr.
Public Enemies,2009,2h 20min,R,"Action, Biography, Crime",Michael Mann
The Bourne Identity,2002,1h 59min,PG-13,"Action, Mystery, Thriller",Doug Liman
Disclosure,1994,2h 8min,R,"Drama, Thriller",Barry Levinson
"Crouching Tiger, Hidden Dragon",2000,2h,PG-13,"Action, Adventure, Drama",Ang Lee
Pulp Fiction,1994,2h 34min,R,"Crime, Drama",Quentin Tarantino
The Aviator,2004,2h 50min,PG-13,"Biography, Drama",Martin Scorsese
Braveheart,1995,2h 58min,R,"Biography, Drama, War",Mel Gibson
Into the Woods,2014,2h 5min,PG,"Adventure, Comedy, Drama",Rob Marshall
Bedtime Stories,2008,1h 39min,PG,"Adventure, Comedy, Family",Adam Shankman
Miss Congeniality,2000,1h 49min,PG-13,"Action, Comedy, Crime",Donald Petrie
Entrapment,1999,1h 53min,PG-13,"Action, Crime, Romance",Jon Amiel
Ace Ventura: When Nature Calls,1995,1h 30min,PG-13,"Adventure, Comedy, Crime",Steve Oedekerk
End of Days,1999,2h 2min,R,"Action, Fantasy, Horror",Peter Hyams
Bridget Jones's Baby,2016,2h 3min,R,"Comedy, Drama, Romance",Sharon Maguire
Fury,2014,2h 14min,R,"Action, Drama, War",David Ayer
Battle Los Angeles,2011,1h 56min,PG-13,"Action, Adventure, Sci-Fi",Jonathan Liebesman
Australia,2008,2h 45min,PG-13,"Adventure, Drama, Romance",Baz Luhrmann
Due Date,2010,1h 35min,R,"Comedy, Drama",Todd Phillips
Master and Commander: The Far Side of the World,2003,2h 18min,PG-13,"Action, Adventure, Drama",Peter Weir
A Series of Unfortunate Events,2004,1h 48min,PG,"Adventure, Comedy, Family",Brad Silberling
The Little Mermaid (1989),1989,1h 23min,G,"Animation, Adventure, Family","Ron Clements, John Musker"
Nice View,2022,1h 46min,N/A,"Comedy, Drama",Muye Wen
District 9,2009,1h 52min,R,"Action, Sci-Fi, Thriller",Neill Blomkamp
Moonraker,1979,2h 6min,PG,"Action, Adventure, Sci-Fi",Lewis Gilbert
The Others,2001,1h 44min,PG-13,"Horror, Mystery, Thriller",Alejandro Amenábar
Horrible Bosses,2011,1h 38min,R,"Comedy, Crime",Seth Gordon
Us and Them,2018,2h,Not Rated,"Drama, Romance",Rene Liu
Red Dragon,2002,2h 4min,R,"Crime, Drama, Thriller",Brett Ratner
Tomorrowland,2015,2h 10min,PG,"Action, Adventure, Family",Brad Bird
Me Before You,2016,1h 50min,PG-13,"Drama, Romance",Thea Sharrock
Dungeons & Dragons: Honor Among Thieves,2023,2h 14min,PG-13,"Action, Adventure, Comedy","John Francis Daley, Jonathan Goldstein"
Safe House,2012,1h 55min,R,"Action, Thriller",Daniel Espinosa
Trolls Band Together,2023,1h 31min,PG,"Animation, Adventure, Comedy","Walt Dohrn, Tim Heitz"
S.W.A.T.,2003,1h 57min,PG-13,"Action, Adventure, Crime",Clark Johnson
DC League of Super-Pets,2022,1h 45min,PG,"Animation, Action, Adventure","Jared Stern, Sam J. Levine"
The Fast and the Furious,2001,1h 46min,PG-13,"Action, Crime, Thriller",Rob Cohen
Traffic,2000,2h 27min,R,"Crime, Drama, Thriller",Steven Soderbergh
Paranormal Activity 3,2011,1h 23min,R,"Horror, Mystery, Thriller","Henry Joost, Ariel Schulman"
Philadelphia,1993,2h 5min,PG-13,Drama,Jonathan Demme
The Conjuring: The Devil Made Me Do It,2021,1h 52min,R,"Horror, Mystery, Thriller",Michael Chaves
The Marvels,2023,1h 45min,PG-13,"Action, Adventure, Fantasy",Nia DaCosta
Sleepy Hollow,1999,1h 45min,R,"Fantasy, Horror, Mystery",Tim Burton
The Holiday,2006,2h 16min,PG-13,"Comedy, Romance",Nancy Meyers
The Jungle Book (1967),1967,1h 18min,Approved,"Animation, Adventure, Comedy",Wolfgang Reitherman
Raging Fire,2021,2h 6min,Not Rated,"Action, Adventure, Crime","Benny Chan, Shane Comley-White"
London Has Fallen,2016,1h 39min,R,"Action, Thriller",Babak Najafi
The Break-Up,2006,1h 46min,PG-13,"Comedy, Drama, Romance",Peyton Reed
Journey to the West: Conquering the Demons,2013,1h 50min,PG-13,"Action, Adventure, Comedy","Stephen Chow, Chi-Kin Kwok"
The Ugly Truth,2009,1h 36min,R,"Comedy, Romance",Robert Luketic
Birds of Prey,2020,1h 49min,R,"Action, Comedy, Crime",Cathy Yan
JFK,1991,3h 9min,R,"Drama, History, Thriller",Oliver Stone
White House Down,2013,2h 11min,PG-13,"Action, Drama, Thriller",Roland Emmerich
Ponyo,2008,1h 41min,G,"Animation, Adventure, Comedy",Hayao Miyazaki
A Dog's Purpose,2017,1h 40min,PG,"Adventure, Comedy, Drama",Lasse Hallström
Fun with Dick and Jane,2005,1h 30min,PG-13,"Comedy, Crime",Dean Parisot
Eat Pray Love,2010,2h 13min,PG-13,"Biography, Drama, Romance",Ryan Murphy
The Addams Family,2019,1h 26min,PG,"Animation, Comedy, Family","Greg Tiernan, Conrad Vernon"
Ghostbusters: Afterlife,2021,2h 4min,PG-13,"Adventure, Comedy, Fantasy",Jason Reitman
You Don't Mess with the Zohan,2008,1h 53min,PG-13,"Action, Comedy",Dennis Dugan
Hairspray,2007,1h 57min,PG,"Comedy, Drama, Musical",Adam Shankman
King Arthur,2004,2h 6min,PG-13,"Action, Adventure, Drama",Antoine Fuqua
Yogi Bear,2010,1h 20min,PG,"Animation, Adventure, Comedy",Eric Brevig
Everest,2015,2h 1min,PG-13,"Action, Adventure, Biography",Baltasar Kormákur
Arrival,2016,1h 56min,PG-13,"Drama, Mystery, Sci-Fi",Denis Villeneuve
Vanilla Sky,2001,2h 16min,R,"Fantasy, Mystery, Romance",Cameron Crowe
Need for Speed,2014,2h 12min,PG-13,"Action, Crime, Thriller",Scott Waugh
Garfield: The Movie,2004,1h 20min,PG,"Adventure, Comedy, Family",Peter Hewitt
Patch Adams,1998,1h 55min,PG-13,"Biography, Comedy, Drama",Tom Shadyac
PAW Patrol: The Mighty Movie,2023,1h 28min,PG,"Animation, Action, Adventure",Cal Brunker
Teenage Mutant Ninja Turtles (1990),1990,1h 33min,PG,"Action, Adventure, Comedy",Steve Barron
Kindergarten Cop,1990,1h 51min,PG-13,"Action, Comedy, Crime",Ivan Reitman
Straight Outta Compton,2015,2h 27min,R,"Biography, Drama, History",F. Gary Gray
21 Jump Street,2012,1h 49min,R,"Action, Comedy, Crime","Phil Lord, Christopher Miller"
Valkyrie,2008,2h 1min,PG-13,"Drama, History, Thriller",Bryan Singer
Open Season,2006,1h 26min,PG,"Animation, Adventure, Comedy","Roger Allers, Jill Culton, Anthony Stacchi"
Cats & Dogs,2001,1h 27min,PG,"Action, Adventure, Comedy",Lawrence Guterman
The Hunt for Red October,1990,2h 15min,PG,"Action, Adventure, Thriller",John McTiernan
Percy Jackson: Sea of Monsters,2013,1h 46min,PG,"Adventure, Family, Fantasy",Thor Freudenthal
The Lego Movie 2: The Second Part,2019,1h 47min,PG,"Animation, Action, Adventure",Mike Mitchell
Two Weeks Notice,2002,1h 41min,PG-13,"Comedy, Romance",Marc Lawrence
RED,2010,1h 51min,PG-13,"Action, Comedy, Crime",Robert Schwentke
Shock Wave 2,2020,2h,N/A,"Action, Crime, Thriller","Herman Yau, Shane Comley-White"
City of Angels,1998,1h 54min,PG-13,"Drama, Fantasy, Romance",Brad Silberling
The Pacifier,2005,1h 35min,PG,"Action, Comedy, Drama",Adam Shankman
50 First Dates,2004,1h 39min,PG-13,"Comedy, Drama, Romance",Peter Segal
Total Recall (2012),2012,1h 58min,PG-13,"Action, Adventure, Sci-Fi",Len Wiseman
The Island,2018,2h 14min,N/A,"Comedy, Drama",Huang Bo
The Impossible,2012,1h 54min,PG-13,"Drama, History, Thriller",J.A. Bayona
Lost in Thailand,2012,1h 45min,Not Rated,"Adventure, Comedy, Drama",Zheng Xu
Christopher Robin,2018,1h 44min,PG,"Adventure, Comedy, Drama",Marc Forster
Jack the Giant Slayer,2013,1h 54min,PG-13,"Action, Adventure, Fantasy",Bryan Singer
Smurfs: The Lost Village,2017,1h 30min,PG,"Animation, Adventure, Comedy",Kelly Asbury
Chinese Doctors,2021,2h 9min,N/A,Drama,Andrew Lau
Spy Kids 3: Game Over,2003,1h 24min,PG,"Action, Adventure, Comedy",Robert Rodriguez
Panic Room,2002,1h 52min,R,"Crime, Drama, Thriller",David Fincher
The Other Woman,2014,1h 49min,PG-13,"Comedy, Romance",Nick Cassavetes
Stargate,1994,1h 56min,PG-13,"Action, Adventure, Sci-Fi",Roland Emmerich
Beowulf,2007,1h 55min,PG-13,"Animation, Action, Adventure",Robert Zemeckis
The Vow,2012,1h 44min,PG-13,"Drama, Romance",Michael Sucsy
Anger Management,2003,1h 46min,PG-13,Comedy,Peter Segal
Tropic Thunder,2008,1h 47min,R,"Action, Comedy, War",Ben Stiller
Rocketman,2019,2h 1min,R,"Biography, Drama, Musical",Dexter Fletcher
The Pelican Brief,1993,2h 21min,PG-13,"Crime, Drama, Mystery",Alan J. Pakula
The Shape of Water,2017,2h 3min,R,"Drama, Fantasy, Romance",Guillermo del Toro
The BFG,2016,1h 57min,PG,"Adventure, Family, Fantasy",Steven Spielberg
The Intern,2015,2h 1min,PG-13,"Comedy, Drama",Nancy Meyers
Downton Abbey,2019,2h 2min,PG,"Drama, Romance",Michael Engler
Gnomeo & Juliet,2011,1h 24min,G,"Animation, Adventure, Comedy",Kelly Asbury
The Sum of All Fears,2002,2h 4min,PG-13,"Action, Drama, Thriller",Phil Alden Robinson
Gangs of New York,2002,2h 47min,R,"Crime, Drama",Martin Scorsese
The Post,2017,1h 56min,PG-13,"Biography, Drama, History",Steven Spielberg
The Monkey King 2,2016,1h 59min,Not Rated,"Action, Adventure, Fantasy",Soi Cheang
Paranormal Activity,2007,1h 26min,R,"Horror, Mystery",Oren Peli
Weathering with You,2019,1h 52min,PG-13,"Animation, Drama, Fantasy",Makoto Shinkai
The Lost City,2022,1h 52min,PG-13,"Action, Adventure, Comedy","Aaron Nee, Adam Nee"
Wallace & Gromit: The Curse of the Were-Rabbit,2005,1h 25min,G,"Animation, Adventure, Comedy","Steve Box, Nick Park"
The Equalizer,2014,2h 12min,R,"Action, Crime, Thriller",Antoine Fuqua
Sheep Without a Shepherd,2019,1h 52min,N/A,"Crime, Drama, Thriller",Sam Quah
The Addams Family (1991),1991,1h 39min,PG-13,"Comedy, Fantasy",Barry Sonnenfeld
The Longest Yard,2005,1h 53min,PG-13,"Comedy, Crime, Sport",Peter Segal
The Equalizer 3,2023,1h 49min,R,"Action, Crime, Thriller",Antoine Fuqua
The Santa Clause,1994,1h 37min,PG,"Comedy, Drama, Family",John Pasquin
Cheaper by the Dozen,2003,1h 38min,PG,"Comedy, Family",Shawn Levy
The Equalizer 2,2018,2h 1min,R,"Action, Crime, Thriller",Antoine Fuqua
Abominable,2019,1h 37min,PG,"Animation, Adventure, Comedy","Jill Culton, Todd Wilderman"
Hollow Man,2000,1h 52min,R,"Action, Horror, Sci-Fi",Paul Verhoeven
Outbreak,1995,2h 7min,R,"Action, Drama, Thriller",Wolfgang Petersen
The White Storm 2: Drug Lords,2019,1h 39min,N/A,"Action, Crime",Herman Yau
The X Files,1998,2h 1min,PG-13,"Drama, Mystery, Sci-Fi",Rob Bowman
Insidious: The Red Door,2023,1h 47min,PG-13,"Horror, Mystery, Thriller",Patrick Wilson
Breakup Buddies,2014,1h 56min,N/A,"Comedy, Drama, Romance",Ning Hao
Rambo III,1988,1h 42min,R,"Action, Adventure, Thriller",Peter MacDonald
The Secret Life of Walter Mitty,2013,1h 54min,PG,"Adventure, Comedy, Drama",Ben Stiller
Project Gutenberg,2018,2h 10min,N/A,"Action, Crime, Mystery",Felix Chong
Jaws 2,1978,1h 56min,PG,"Adventure, Horror, Thriller",Jeannot Szwarc
12 Years a Slave,2013,2h 14min,R,"Biography, Drama, History",Steve McQueen
Heat,1995,2h 50min,R,"Action, Crime, Drama",Michael Mann
Mr. Popper's Penguins,2011,1h 34min,PG,"Comedy, Family, Fantasy",Mark Waters
The Grudge,2004,1h 31min,PG-13,"Horror, Mystery, Thriller",Takashi Shimizu
I Now Pronounce You Chuck & Larry,2007,1h 55min,PG-13,"Comedy, Romance",Dennis Dugan
The Horse Whisperer,1998,2h 49min,PG-13,"Drama, Romance, Western",Robert Redford
Walk the Line,2005,2h 16min,PG-13,"Biography, Drama, Musical",James Mangold
Jian Bing Man,2015,1h 53min,N/A,Comedy,Da Peng
The Jungle Book 2,2003,1h 12min,G,"Animation, Adventure, Comedy",Steve Trenbirth
The Final Destination,2009,1h 22min,R,"Horror, Thriller",David R. Ellis
Atlantis: The Lost Empire,2001,1h 35min,PG,"Animation, Action, Adventure","Gary Trousdale, Kirk Wise"
Inside Man,2006,2h 9min,R,"Crime, Drama, Mystery",Spike Lee
The Waterboy,1998,1h 30min,PG-13,"Comedy, Sport",Frank Coraci
Hugo,2011,2h 6min,PG,"Adventure, Drama, Family",Martin Scorsese
Pitch Perfect 3,2017,1h 33min,PG-13,"Comedy, Musical",Trish Sie
Watchmen,2009,2h 42min,R,"Action, Drama, Mystery",Zack Snyder
The Birdcage,1996,1h 57min,R,Comedy,Mike Nichols
Snow White and the Seven Dwarfs,1937,1h 23min,Approved,"Animation, Adventure, Family","William Cottrell, David Hand, Wilfred Jackson"
Moulin Rouge!,2001,2h 7min,PG-13,"Drama, Musical, Romance",Baz Luhrmann
Ode to My Father,2014,2h 6min,Not Rated,"Drama, War",JK Youn
Hop,2011,1h 35min,PG,"Animation, Adventure, Comedy",Tim Hill
Jupiter Ascending,2015,2h 7min,PG-13,"Action, Adventure, Sci-Fi","Lana Wachowski, Lilly Wachowski"
Bad Moms,2016,1h 40min,R,Comedy,"Jon Lucas, Scott Moore"
Storks,2016,1h 27min,PG,"Animation, Adventure, Comedy","Nicholas Stoller, Doug Sweetland"
Knowing,2009,2h 1min,PG-13,"Action, Mystery, Sci-Fi",Alex Proyas
102 Dalmatians,2000,1h 40min,G,"Adventure, Comedy, Family","Michael D Moore, Kevin Lima"
Stand by Me Doraemon,2014,1h 35min,TV-PG,"Animation, Comedy, Drama","Tony Oliver, Ryuichi Yagi, Takashi Yamazaki"
The Hitman's Bodyguard,2017,1h 58min,R,"Action, Comedy, Crime",Patrick Hughes
Paul Blart: Mall Cop,2009,1h 31min,PG,"Action, Comedy, Crime",Steve Carr
Wayne's World,1992,1h 34min,PG-13,"Comedy, Musical",Penelope Spheeris
Maverick,1994,2h 7min,PG,"Action, Adventure, Comedy",Richard Donner
Mirror Mirror,2012,1h 46min,PG,"Adventure, Comedy, Drama",Tarsem Singh
The Man in the Iron Mask,1998,2h 12min,PG-13,"Action, Adventure, Drama",Randall Wallace
Cape Fear,1991,2h 8min,R,"Crime, Thriller",Martin Scorsese
The Haunted Mansion,2003,1h 28min,PG,"Comedy, Family, Fantasy",Rob Minkoff
The Monkey King: Havoc in Heaven's Palace,2014,1h 30min,Not Rated,"Action, Adventure, Family",Soi Cheang
A Clockwork Orange,1971,2h 6min,R,"Crime, Sci-Fi",Stanley Kubrick
The Goonies,1985,1h 54min,PG,"Adventure, Comedy, Family",Richard Donne
Ferris Bueller's Day Off,1986,1h 43min,PG-13,"Comedy, Adventure",John Hughes
The Breakfast Club,1985,1h 37min,R,"Comedy, Drama",John Hughes
The Shining,1980,2h 26min,R,"Horror, Drama",Stanley Kubrick
The Shawshank Redemption,1994,2h 22min,R,"Drama, Thriller, Crime",Frank Darabont
Fight Club,1999,2h 19min,R,"Drama, Action, Sport",David Fincher
Alien,1979,1h 57min,R,"Horror, Sci-Fi",Ridley Scott
Requiem for a Dream,2000,1h 42min,R,"Drama, Thriller, Horror",Darren Aronofsky
Citizen Kane,1941,1h 59min,PG,"Drama, Mystery",Orson Welles
The Godfather Part II,1974,3h 22min,R,"Crime, Drama",Francis Ford Coppola
"The Good, the Bad and the Ugly",1966,2h 58min,R,"Adventure, Drama, Western",Sergio Leone
No Country for Old Men,2007,2h 2min,R,"Crime, Drama, Thriller","Ethan Coen, Joel Coen"
Nightcrawler,2014,1h 57min,R,"Crime, Drama, Thriller",Dan Gilroy
The Terminator,1984,1h 47min,R,"Action, Adventure, Sci-Fi",James Cameron
Groundhog Day,1993,1h 41min,PG,"Comedy, Drama, Fantasy",Harold Ramis
RRR,2022,3h 7min,PG-13,"Action, Adventure, Drama",S.S. Rajamouli
2001: A Space Odyssey,1968,2h 29min,G,"Adventure, Sci-Fi",Stanley Kubrick
Mean Girls,2004,1h 37min,PG-13,"Comedy, Drama",Mark Waters
Deadpool & Wolverine,2024,2h 10min,R,"Action, Comedy, Sci-Fi",Shawn Levy
Sonic the Hedgehog 3,2024,1h 50min,PG,"Action, Adventure, Comedy",
Captain America: Brave New World,2025,1h 58m,PG-13,"Action, Adventure, Sci-Fi",Julius Onah
A Minecraft Movie,2025,1h 41m,PG,"Adventure, Fantasy, Comedy",Jared Hess
The Brutalist,2024,3h 34m,R,"Epic, Drama",Brady Corbet
Nosferatu,2024,2h 12m,R,"Horror, Fantasy, Mystery",Robert Eggers
The Wild Robot,2024,1h 42m,PG,"Adventure, Sci-Fi, Animation"